user_ID,sku_ID,purchase,channel,request_time,type,brand_ID,attribute1,attribute2,activate_date,deactivate_date,user_level,first_order_month,plus,gender,age,marital_status,education,city_level,purchase_power,hour,weekday
faae9cd304,8d73a83935,0,order,,1,ac29bd903a,-1,55,,,4,2018-07,0,M,16-25,S,3,1,4,19,1
4de07d2c17,2eb595fb07,1,order,,1,b9ec032904,1,72,,,3,2015-11,0,M,26-35,S,2,4,1,16,4
d454b4f778,6bf222fb76,1,order,,1,1cd1b2ef8b,-1,59,,,1,2016-08,1,F,16-25,M,2,1,2,15,1
988fccb95f,9d03a3fdd5,1,order,,1,b464f64302,4,39,,,4,2015-02,0,F,16-25,U,1,4,4,14,4
73d2d91070,1183cc34e8,0,order,,2,6f830bbb1b,4,16,,,4,2018-04,0,F,46-55,S,1,3,4,17,2
28f7ceda78,1dd93c6fd4,1,order,,1,44e3a91f66,3,98,,,1,2015-11,1,F,16-25,M,2,1,2,15,3
4763f013fb,ee38b3d2b5,1,order,,1,238843f56b,4,10,,,3,2013-12,1,M,26-35,M,2,3,3,-1,1
e3b5709da2,f25c68400e,1,order,,2,f3570ae262,3,58,,,4,2015-04,1,M,26-35,S,3,2,1,21,6
84fe28fdba,c9a78217fe,0,order,,1,3f9d5e7908,-1,22,,,3,2017-01,1,M,16-25,M,2,2,1,5,1
0b7138b89d,89d7698809,1,order,3/8/2018,1,11730118b6,3,-1,4/6/2018,,2,2013-10,1,M,46-55,S,3,4,4,8,-1
a5a910a695,63c220bd60,0,order,,1,22813902c0,-1,92,,,3,2018-03,1,F,26-35,S,1,2,1,11,1
326d669f69,7439b75e83,0,order,,2,538cba4873,4,53,,,2,2013-03,0,F,16-25,M,1,1,2,16,2
797a8af287,c1d297f417,1,order,,1,3740b5c721,2,78,,,3,2015-05,0,F,36-45,S,1,1,2,8,3
5306d16ff3,5b05ea1088,0,order,,1,b9e7706217,2,-1,,,4,2016-01,1,M,26-35,M,3,3,4,7,1
0a047d1a82,3e0e09fff3,0,order,,1,6e80f81406,-1,20,,,1,2018-09,1,F,16-25,S,2,4,1,13,5
dd7f9ef942,b447681d57,0,order,,1,ce2a24a74f,-1,52,,,2,2014-11,0,F,26-35,S,3,2,3,15,6
93ce38026e,c09bd32e83,0,order,,2,1d16685752,1,48,,,3,2015-05,1,M,26-35,S,1,2,2,15,3
fa9906f633,d442a4b9a4,0,order,,2,7f33e3315f,-1,8,,,2,2018-09,1,M,26-35,M,1,4,3,12,1
b0fe97c875,6059fb21f6,1,order,,2,ce2ad82905,2,25,,,2,2018-02,1,M,26-35,S,3,2,1,20,3
7c00b5c0e1,511065747e,0,order,3/21/2018,2,8e183dcbfa,2,-1,,,2,2017-05,0,M,16-25,S,3,2,4,17,2
6f1ab6186d,c00a6b06d8,1,order,,1,ca0cdd6ab5,2,61,,,2,2013-02,0,M,16-25,U,3,3,2,19,4
a5094ad5e8,c314b03e80,0,order,,1,c4d35d27e0,-1,33,,,3,2017-02,1,M,26-35,S,3,3,-1,12,5
8ccef26e40,92ebd71884,0,order,,1,994dae6f6d,2,17,,,4,2013-04,1,F,46-55,S,2,1,2,10,0
9cbca2d6dd,32fc21d44c,0,order,3/23/2018,2,c2e82b4a05,4,66,,,1,2017-05,1,M,16-25,M,2,3,3,11,2
f0da7cf81b,243fc27828,0,order,,2,50fe7c1d06,2,-1,,,2,2016-01,0,F,16-25,U,2,1,4,5,6
3333e51265,f81c70486c,0,order,,2,838dfa3a60,4,60,,,3,2016-08,1,F,26-35,U,1,1,4,1,0
4fd9f5241f,a0c8976668,0,order,3/9/2018,1,f1cc5e45bd,1,-1,,,4,2017-08,1,M,16-25,U,3,1,-1,12,4
373f28f8ee,39bbbe6aef,0,order,,2,223945a873,2,-1,,,2,2015-04,1,F,36-45,S,2,1,1,0,0
cb99d6fe56,7ab4829144,0,order,,1,8687f9d3a9,0,87,,,4,2018-06,1,F,36-45,S,3,4,1,12,1
be1136288f,b1aa4b9916,0,order,,2,e30fe39144,2,74,,,1,2018-04,0,F,26-35,S,3,1,3,20,3
b4ccaa4b2a,57d45e60b5,0,order,,2,a917da21b6,0,82,,,3,2016-02,1,M,16-25,M,3,3,4,9,-1
ef4596b320,a972ed57a5,1,order,,1,181f8e5954,-1,-1,,,1,2017-12,0,F,26-35,M,2,1,3,10,2
734edd91b9,91e4793470,0,order,,1,f15ab9479b,-1,96,,,2,2016-12,1,M,36-45,S,1,3,-1,4,0
e7297a642f,5924fd3b9b,0,order,,1,d75c24e58e,3,11,,,4,2014-06,0,M,26-35,S,1,2,1,23,3
c73a6a12b0,3e8cc50954,1,order,3/14/2018,2,896ff0fec0,3,49,,,1,2014-10,1,F,16-25,M,3,2,4,0,1
a60cbdebd1,23c3c1e3c3,0,order,,2,6ba95194d7,1,49,,,4,2017-07,1,F,36-45,S,2,3,1,10,0
eebcbee8de,3a14904693,1,order,,2,08d7900f05,0,-1,,,4,2017-12,1,F,46-55,M,3,3,4,13,4
40206044b3,8b53480217,0,order,3/26/2018,2,5bee9fe28e,3,54,,,2,2013-08,1,F,36-45,S,3,2,4,1,6
f3f9304912,dda4083791,1,order,,1,18ea6392c9,2,-1,,,3,2014-11,0,F,26-35,U,1,2,2,12,6
1a10749fd8,10ed359a66,1,order,,2,cee6bf9b60,1,47,,,4,2018-07,0,F,16-25,S,2,3,4,17,1
ac6a3933c9,bd23b7280c,1,order,,1,1e3123b96f,2,40,,,1,2014-07,1,F,26-35,M,2,4,2,10,0
603c7fed00,50e5c70912,0,order,,2,920470e116,3,73,,,2,2018-08,1,F,26-35,M,1,3,-1,6,2
95d5214a2c,f84b9ba367,0,order,,1,e988506617,-1,74,,,2,2018-11,1,F,26-35,M,1,2,1,19,6
45ad6c42dc,24a6552fa0,0,order,,2,bec53a175c,-1,94,,,2,2015-02,0,M,26-35,M,1,3,1,14,3
ce73996a49,cfd03103e4,1,order,,1,792fda9586,4,61,,,1,2017-09,1,M,16-25,S,3,4,4,8,5
c17a0aedac,9dfd0e86a0,1,order,,2,9d55eea70f,4,5,,,2,2017-09,0,F,26-35,S,1,4,3,-1,5
551b5d7e22,9a2e116d60,0,order,,1,521c074379,-1,-1,,,4,2018-12,0,F,36-45,S,3,3,4,23,2
507aa329af,9b67ee8d20,0,order,,1,5023cd88e5,3,62,,,2,2014-05,1,F,16-25,S,3,1,3,21,5
e624e7fa91,a73357b135,1,order,,2,a25273e710,0,79,,,2,2018-09,0,M,16-25,M,1,4,4,11,6
96d23aad86,d650f7ce10,1,order,,2,f3a65e9d3e,1,28,,,2,2014-05,1,M,26-35,S,2,1,1,3,3
45a843b335,0f57133fb7,1,order,3/15/2018,1,13810d3bb3,4,66,,,4,2016-08,1,M,26-35,S,2,1,1,20,2
d7915cc9e4,9606cec2d3,0,order,,1,d62ebd2ef7,-1,38,,,1,2015-01,1,F,46-55,S,1,1,4,8,5
213ce282d2,04509dd749,1,order,3/20/2018,1,f368b10111,0,81,,,2,2017-10,0,F,16-25,M,2,3,-1,1,-1
a1beb4d4cd,4e6794f808,0,order,,1,c452f4bb6a,0,96,,,4,2017-03,1,F,36-45,M,1,3,1,9,4
79d2062ed6,6423959b62,1,order,,1,90ad9ddfb3,1,96,,,2,2014-06,1,F,36-45,S,2,4,3,2,-1
4b71ab1c8d,afd3d411c6,1,order,3/2/2018,1,eb689b6e01,2,5,,,2,2018-02,0,F,16-25,S,2,1,4,12,1
da55b138fc,e50a9ef33c,1,order,,1,fd3d6a6698,1,2,,,3,2018-12,0,F,46-55,S,2,4,3,5,6
d344b83bae,6426522e15,0,order,,1,422b48e93b,4,19,,,1,2016-09,1,F,26-35,S,2,2,1,22,2
82e20c7a2b,6b609b83f7,0,order,,1,31d0a1c18c,4,73,,,1,2014-11,0,F,36-45,S,3,4,4,15,5
6fafcd1c96,aa22186dc2,1,order,,1,22262a040e,1,50,,,2,2018-10,0,M,36-45,M,2,2,4,20,1
4a32dc9c5b,a712d267c7,0,order,3/9/2018,1,3ee6093cff,3,54,,,4,2016-11,0,F,26-35,S,3,1,4,23,1
372656705d,8a5dabe5b7,0,order,,2,5be7401a3a,0,75,,,2,2014-08,0,F,36-45,S,2,2,3,8,5
6816f80bc6,5a2dea6842,0,order,3/2/2018,2,2b352d39e6,0,54,5/4/2018,,1,2017-02,1,F,16-25,S,2,2,3,22,-1
0d4e56c20c,dd94f69e03,1,order,,2,13904bf5ad,1,96,,,3,2018-01,0,F,16-25,S,2,2,2,8,3
ef225bed5e,bed3c198dc,1,order,,1,45c4fce6bf,-1,74,,,3,2016-09,0,M,26-35,S,1,1,2,0,-1
4161af1122,061d06ade1,1,order,,1,491e31c0d0,-1,98,,,1,2017-04,0,F,26-35,S,1,3,-1,17,3
89f7ecd37e,4441bb77ca,1,order,,1,aef7bbc8cf,2,13,,,1,2016-09,0,M,16-25,M,3,1,4,18,-1
c3dc214720,238bff8195,1,order,,1,0ca782f626,1,-1,,,2,2017-06,1,M,36-45,M,1,1,3,7,1
15647b37b0,3ddd0de389,1,order,,1,758b8d6d73,-1,61,,,4,2015-11,0,F,36-45,S,1,1,4,20,-1
ff4e4ea306,7116499466,0,order,,2,a20a5b6c6e,2,78,,,4,2015-05,0,M,16-25,S,1,3,1,4,4
b38160f8d1,f581611c00,1,order,,1,b521d595c1,4,30,,,2,2013-02,0,F,36-45,S,2,3,1,14,4
229d97f22a,ef2edf6c10,1,order,3/6/2018,1,ea08e99d99,3,44,,,4,2018-11,1,M,46-55,S,2,2,4,22,1
d448c4d8ba,01e552803e,0,order,,2,2e7d38f907,2,-1,,,4,2018-04,0,M,36-45,M,2,2,3,5,0
78f6fc2d62,ee5c144ddd,1,order,,1,066b99d5ea,3,28,,,1,2018-05,0,F,16-25,S,1,3,4,17,1
42518fff33,55d27296ad,0,order,,1,6811fb77ce,2,85,,,4,2014-10,0,F,16-25,S,3,1,4,9,3
afd3b8778e,3116c5cef2,0,order,,2,5e11f47b23,-1,-1,1/20/2018,,2,2013-04,1,M,26-35,M,3,2,4,9,-1
c0c559f183,9a856a7d3d,1,order,,1,ad0a3f05eb,0,8,,,2,2014-12,1,M,36-45,M,3,2,3,21,4
e7de1ccdfc,9d04f471e4,0,order,,1,a94a8f6513,4,75,,,3,2014-01,1,F,46-55,M,2,1,4,4,-1
db4dbafb54,e1dc0093fc,1,order,,1,4cb2089e9d,0,61,10/12/2018,,1,2015-10,1,F,16-25,S,2,4,1,3,0
521cc26ed9,9c0fe6c04c,0,order,3/6/2018,2,4bf00f27f4,1,-1,,,2,2018-11,0,F,36-45,S,1,2,3,11,1
f5de924841,24acc06069,0,order,,2,d1c2a0f886,1,-1,,,3,2016-08,0,F,26-35,S,3,4,4,4,5
2f697c149c,4a48980952,1,order,,1,f4fd11965c,1,77,,,3,2017-03,0,F,26-35,U,2,3,-1,9,1
7bcadf3636,a13528b3f2,1,order,,2,5d1b88e206,4,14,,,2,2015-02,0,M,16-25,S,2,1,3,21,4
0b3db57a63,d7c6e40eaf,1,order,,2,9b6c892e09,2,92,,,2,2014-10,1,M,26-35,M,1,4,4,6,2
088c21bbc0,407783d570,0,order,3/19/2018,1,2d1e52123f,-1,46,,,3,2017-09,0,F,46-55,M,1,3,3,6,-1
afc7760b88,7180421af1,0,order,,1,44b7d6ade0,4,54,,,2,2014-10,1,F,26-35,M,1,2,2,13,4
ebf1f9680e,7eec040b6f,1,order,,2,876771970d,1,4,,,2,2017-12,0,M,46-55,M,1,3,1,15,5
a0e71a18c1,3168677414,1,order,,2,e0b42978ac,-1,25,,,1,2016-08,0,M,26-35,S,1,2,4,3,1
c953034e83,716a13f63e,1,order,3/4/2018,2,a571750d56,4,42,,,1,2014-12,0,F,16-25,M,2,1,4,9,5
b7dceb186c,25e52ef939,1,order,,1,961cf9e216,4,0,,,3,2018-12,0,M,26-35,S,1,1,-1,5,0
27d90d5aaa,33ba568806,0,order,,1,cee01ce4cb,2,-1,,,3,2016-08,1,F,16-25,M,1,2,3,2,2
6618462be6,81bebbdf34,0,order,,2,a25a6de1af,3,23,,,2,2016-10,0,M,16-25,S,1,1,3,12,4
671ce8052d,64c224c5a2,0,order,3/14/2018,2,e1d04d0880,2,80,,,4,2016-02,1,M,26-35,M,3,3,3,7,4
c66d1cf7cb,64543d97bd,0,order,,1,8a781fefce,2,65,6/12/2018,,1,2013-12,1,F,26-35,S,3,4,3,9,4
e0b6dd4978,20035f0041,1,order,,2,787d0b44bb,4,-1,,,3,2014-06,1,M,46-55,S,1,4,3,6,1
daca496612,b8a4f3c9e9,1,order,,1,a4b6d172e8,-1,36,3/24/2018,,2,2016-07,1,F,16-25,S,1,3,4,9,6
54a4369f85,9338576df1,0,order,,1,2d6c8278a4,-1,64,8/1/2018,,1,2015-09,0,M,16-25,S,1,3,4,16,1
57e539cf4e,b349505dcf,0,order,3/1/2018,1,2365eafe11,2,19,,,1,2014-11,0,F,16-25,S,2,4,4,15,3
d6545e47ea,a5bc534ff3,0,order,,2,145b27c66c,0,71,,,2,2014-04,1,F,16-25,S,3,1,3,23,6
213d358713,40c117300f,1,order,3/17/2018,1,b03f646ddd,3,12,,,2,2015-10,0,M,36-45,S,2,1,2,0,-1
f64d7d27cc,0a79fa660e,0,order,3/18/2018,2,ed596a3046,4,14,,,4,2015-10,0,F,16-25,M,2,4,3,0,6
a7d5a84385,bb56b4d235,0,order,,1,eaf4aa785a,1,2,,,4,2014-05,1,F,26-35,S,1,1,2,17,1
8bcc802b9d,85610e7428,0,order,,1,ed6509505c,-1,74,,,2,2015-06,0,F,46-55,M,1,1,3,19,1
77302a935a,8188aa410f,1,order,,2,dd8b1ba8e5,4,57,,,4,2018-11,1,M,26-35,S,1,4,2,22,4
664ae44738,12048b959e,0,order,,2,4c0239414b,0,8,,,2,2015-05,1,M,16-25,S,1,4,1,22,4
ea231f54d4,0365cbed2e,0,order,,2,a84a92564a,2,66,,,4,2015-10,0,M,36-45,M,2,1,2,21,2
3461a6fc6b,c45856cab3,0,order,,1,d7cb21b501,1,57,,,1,2013-11,0,M,36-45,S,2,3,1,20,6
c32205cc67,0d9b425505,1,order,,2,2ba63b8c60,1,96,,,4,2013-05,0,F,26-35,M,2,2,4,21,0
ce4a99cc6c,9ef7e9ced6,1,order,,1,b93c8e8161,0,9,,,3,2013-04,0,F,26-35,M,3,1,1,13,3
0534e71712,5fe460b1cb,0,order,,2,97ecc13f7b,4,78,,,4,2013-03,0,F,26-35,S,3,3,3,0,6
673a72d252,76fdd8cae5,1,order,,2,d04b1662ba,0,-1,,,1,2013-03,1,M,16-25,S,2,2,4,21,1
f4df300262,891b0677ad,1,order,,1,2bc9548250,-1,14,,,1,2018-11,1,F,26-35,S,2,3,4,6,5
f7d0272204,1e65a1ed17,0,order,,2,02c515a13d,2,56,,,4,2013-04,0,F,16-25,S,2,2,2,13,4
cc827926d6,0ffc853d38,1,order,,1,32513337c9,4,19,,,2,2018-04,0,M,26-35,S,2,3,1,1,1
7da29e3e9a,db5e19bff6,0,order,,2,d1322006df,1,92,,,3,2017-08,1,F,16-25,M,2,3,2,16,2
500af95cf3,365ab61b78,0,order,,2,2c5dfeb32a,1,97,4/7/2018,,4,2016-04,1,F,26-35,S,1,1,4,1,0
1f0e214550,db9de94e5c,1,order,,2,d6e58c1859,3,71,,,4,2017-04,1,M,46-55,S,3,3,3,9,6
ddaeff69ca,ddc0c0bad5,1,order,,2,a4ef0ada5c,-1,28,,,4,2017-12,1,F,16-25,S,1,3,4,3,2
ca693fe9c5,2d06cb03aa,0,order,,1,1e12b4df1a,0,52,,,3,2013-12,0,M,36-45,M,1,2,2,21,6
68406b4b96,ee1d954778,0,order,,2,0e35bf960c,3,-1,,,3,2015-10,0,F,16-25,S,2,3,1,0,0
bdfc158162,75975f2e85,1,order,,1,be28067752,1,26,,,2,2013-10,1,M,26-35,M,3,1,3,22,-1
8244f78e04,da1f656d4c,0,order,,1,114f7ad1a9,0,81,,,1,2014-05,0,M,16-25,S,2,4,1,22,3
6eba6d2650,ced11e7f23,1,order,,2,d38d15000a,1,43,,,1,2015-05,1,M,26-35,M,1,1,3,17,5
1cf3120c0a,7a31996b2b,0,order,,1,5f5b8f8154,1,64,,,2,2014-10,1,F,36-45,M,2,2,3,13,4
c334cfc4bb,0df461cd40,1,order,,2,ac17e29574,-1,16,6/2/2018,,2,2013-07,0,M,16-25,S,2,1,3,15,6
625d81e850,73c3fca70d,1,order,3/4/2018,1,eb9c8bea0b,2,-1,,,1,2016-03,0,M,16-25,S,2,2,3,7,1
982d8134bc,8a1d1c4e54,1,order,,2,3e54f4ffce,1,60,,,3,2016-04,1,M,46-55,U,3,1,1,10,3
d9e59a57bd,a55a499cac,1,order,3/5/2018,1,daec0af4f9,4,47,,,4,2013-09,0,F,26-35,S,3,2,2,5,1
e4bcea3b26,54f1bbfaa4,0,order,,1,b371958cb2,1,95,,,2,2015-05,1,M,26-35,M,2,3,-1,2,6
7b2b26105f,a07063f4d3,1,order,,1,80837c4e14,-1,53,,,4,2014-10,1,M,36-45,M,3,1,4,-1,3
8b33eb74d7,40b2d51193,0,order,,1,bf371a0ad7,3,86,,,4,2013-03,0,F,36-45,S,2,2,1,16,6
0d67649481,176ded7612,1,order,,1,ad2ed714de,1,53,,,2,2015-01,0,M,46-55,S,2,4,-1,-1,3
d39422b1c7,74bac629eb,0,order,,2,fb25129617,1,26,3/1/2018,,1,2013-02,1,M,46-55,S,1,4,3,3,2
735bee9419,aadd0174f0,0,order,,1,5d9ba8be69,2,10,3/15/2018,,1,2018-02,1,F,16-25,S,1,3,2,15,-1
888161ded7,a8297420e7,0,order,,2,8d81217d9b,-1,72,,,2,2018-03,0,M,16-25,M,2,4,1,13,6
cc51d97dfd,a2e3d62f25,1,order,,2,1421c155ae,2,97,,,4,2016-12,0,M,36-45,M,1,2,1,10,1
0078359cc1,3bf5368252,0,order,,1,23933d9213,1,50,,,1,2015-08,0,M,16-25,S,3,4,1,14,3
644d67f7cf,bc26b42f4e,0,order,,2,4bad9fc025,-1,50,,,4,2013-06,1,F,36-45,S,2,3,1,6,0
f560b60221,5446a9b2b6,1,order,,2,0965ab3349,-1,0,,,3,2014-02,1,F,16-25,S,1,1,2,5,4
193f998ac5,e48c21df53,1,order,,2,32623cca69,1,67,,,4,2016-10,0,M,26-35,S,3,2,2,10,5
99acc91cf8,c5610e1dc1,0,order,,2,a61aef5550,3,73,,,3,2018-08,1,F,26-35,M,3,2,2,12,4
7379c72289,f87629e54f,1,order,,2,548c042c43,0,77,,,3,2015-04,1,F,26-35,S,3,3,3,8,2
ed92d8db56,330d941a26,1,order,3/21/2018,1,d9359805f9,0,84,,,2,2014-06,0,M,26-35,S,3,3,3,4,6
64c5b86a28,1898bac1c0,0,order,,2,5b6b46008d,-1,24,,,4,2015-11,0,F,16-25,S,3,4,3,16,5
21ddae9163,dfb425435a,1,order,,2,31668cff6b,4,-1,,,2,2014-12,1,M,26-35,S,2,1,2,10,0
b29d2eb085,6fe6f585a0,0,order,3/23/2018,1,c15f80804b,0,1,,,2,2018-12,1,M,56+,M,1,4,4,12,1
b3777ef1c2,7140956fb2,0,order,,2,beea6eeac1,-1,91,,,1,2016-08,1,M,16-25,S,1,4,3,6,2
27f89b77b2,5823a0cd62,0,order,,2,191ca76b47,-1,61,1/10/2018,,1,2017-07,1,F,36-45,M,1,2,-1,9,-1
e59fccd17c,722df3f3ff,1,order,,2,b1dd3393c2,2,83,,,3,2017-06,1,M,26-35,S,3,4,1,5,1
44ec407d82,039d74a994,0,order,,1,455613e257,0,91,,,4,2018-01,1,F,16-25,U,2,2,2,-1,6
779a387272,f57e6e72fb,0,order,,1,e097b1b2c1,3,76,9/20/2018,,1,2017-04,0,F,26-35,S,3,3,4,21,2
34f0d3f297,5234616a1b,0,order,,2,bd0def8c08,0,89,,,4,2017-10,0,M,16-25,M,3,3,3,12,6
3569b46045,eb6cb692c0,1,order,,2,4649da9f75,2,6,,,3,2016-05,1,M,26-35,M,1,1,4,9,3
ccc4366cd6,b70ee7198e,0,order,,1,4ecfcf8a99,2,88,,,2,2014-08,1,M,16-25,M,1,4,-1,20,3
3e8e640b74,7d1b39e3fb,0,order,,1,0f669c5123,4,51,,,1,2016-12,0,F,56+,M,3,2,-1,12,0
72f749cea2,261b83af02,1,order,3/24/2018,1,385b72fd79,1,19,,,3,2015-10,1,F,46-55,S,3,4,3,5,0
6bd7d25f3b,fc7ed2ddba,0,order,,1,8220363d2f,-1,52,,,1,2017-04,1,M,26-35,M,3,3,1,2,6
322ef1b1d5,29a4859307,0,order,3/17/2018,2,ec539eb226,-1,89,,,1,2013-03,1,F,26-35,U,2,3,4,7,-1
0fe06e59d1,ba8b2b4505,0,order,3/12/2018,2,cac555c6de,-1,19,,,2,2014-12,0,M,26-35,M,2,2,1,22,6
79e7d96bda,7c2f23f664,1,order,,2,6711151918,4,6,,,1,2017-03,1,F,26-35,M,1,4,2,17,4
9f92ed56ac,8fe08e0c65,0,order,,1,5ff8dc0c07,3,75,,,4,2015-09,0,M,26-35,S,3,1,3,2,5
be1f74374f,3a153a466e,0,order,,2,f647215191,3,28,,,4,2016-08,0,F,36-45,S,2,4,3,3,3
7fa56fa6b5,67dca9f5bf,0,order,,1,e23186224f,2,1,,,4,2018-07,0,F,16-25,U,2,1,3,10,0
3c17673616,a3eeaf4d39,0,order,,2,f6600a0b7f,3,83,,,4,2018-04,0,F,46-55,S,3,2,4,13,1
b220dc097a,49ce06ed6c,0,order,,2,a3f5cb8a19,0,-1,,,3,2017-12,0,F,16-25,M,2,2,3,17,6
5c83838464,4d878a4131,0,order,,1,1e1f10262f,2,8,,,1,2015-10,1,F,46-55,S,3,1,1,14,3
8cb5754ac2,c13b855e61,0,order,,2,d0554c4129,2,85,,,4,2014-05,0,M,16-25,U,3,3,1,22,4
41fb2c447a,c2ed86d32c,1,order,,2,1e0800d116,3,-1,,,3,2014-02,0,F,26-35,S,3,4,2,18,-1
a0b6e9e4a5,43bfd4ddb7,1,order,,2,903a04e51c,-1,97,,,1,2016-05,1,F,36-45,S,2,4,1,0,3
d9c9c23b21,be04be54e7,1,order,3/20/2018,2,9b1ce3b51a,0,80,,,3,2013-01,0,M,26-35,S,2,4,3,21,0
8f43b4c33f,0a086a4b14,1,order,,2,98ac269e13,1,67,,,3,2013-03,0,F,16-25,M,2,4,4,10,3
94790f7fc0,f0fb796937,1,order,,2,caecaff6de,3,91,,,3,2013-03,1,M,26-35,S,3,3,4,20,6
c8e94b4595,6ef49e52fb,1,order,3/9/2018,2,79fa84ae31,0,4,,,1,2017-02,1,F,36-45,S,2,3,1,5,5
e060b821b3,4fe26c3480,0,order,,1,cfb919327a,-1,86,,,3,2013-07,1,M,26-35,S,2,2,4,3,2
d581803ef6,761b947f50,0,order,,2,e24d3b621c,-1,69,,,3,2016-02,0,F,26-35,M,1,2,1,14,5
e39be0936f,241565a420,1,order,3/16/2018,1,5a647a0bf7,0,72,,,3,2017-02,0,M,36-45,S,3,2,1,18,2
ae3ae1d560,c344fa96db,0,order,,2,3b5c5e8d61,3,86,2/6/2018,,4,2016-01,0,F,16-25,S,3,4,2,14,3
d3f012aa31,f735c293de,0,order,,1,3d5f97aef3,0,16,,,1,2017-11,1,F,26-35,U,2,1,4,13,6
42be658521,b7a5a36e1b,1,order,,1,20c701d237,2,79,,,3,2015-01,0,M,26-35,M,1,3,2,11,2
ac8a18a901,5bbca3ab71,1,order,,2,1fc85f08d7,3,10,,,4,2017-12,1,F,26-35,S,2,3,1,9,2
f439bfbdea,da45eac325,0,order,3/27/2018,1,a051fdea29,1,47,,,3,2017-12,0,M,16-25,S,1,3,-1,7,0
98301e4122,ca3f25a271,0,order,,2,8efae46d4b,1,7,,,3,2018-07,0,F,16-25,S,1,4,4,0,-1
6bccfc47a2,ca0ee09572,0,order,,1,61dd953d9d,1,-1,,,4,2018-11,0,M,26-35,M,3,2,3,11,3
a03d5fd3ed,3f42c1fc0f,1,order,,2,0ec1ab558d,4,30,,,2,2017-01,1,M,36-45,M,2,1,1,13,4
f6e45850b7,8c9196b88e,0,order,,2,21ce1f9878,1,52,,,3,2017-10,0,F,36-45,S,1,2,2,0,3
d33bb89dee,5c20a78ca8,1,order,,2,399e21bd65,4,30,,,2,2017-07,0,M,26-35,M,3,3,1,9,3
f5c4df7811,eaffef2df9,1,order,,1,a6bdc1924a,1,17,,,2,2017-08,1,F,16-25,S,3,2,2,20,0
306fb9b0a8,34c262fa0c,1,order,,1,9ba39b95c0,4,100,,,2,2013-12,0,F,36-45,S,1,2,2,16,1
18a6ef5f31,3d9e2425d3,1,order,,2,b4e2d72766,1,-1,,,1,2013-02,0,F,16-25,S,3,1,2,6,4
a256ade9fb,d80f5c6612,0,order,,1,7e26d39f6a,-1,86,10/4/2018,,3,2013-04,1,F,26-35,U,2,3,4,13,3
d9136d606b,9d6eecc436,0,order,,2,af97a9d5df,-1,5,,,3,2013-09,1,M,16-25,S,3,2,4,3,6
f3477f6840,e9bed3d6c0,0,order,,2,141e054cfa,-1,8,,,1,2015-03,0,F,26-35,M,1,4,2,2,1
662a5084b0,30f3bc4a77,1,order,,1,1c031f0731,-1,9,,,2,2018-12,1,F,16-25,M,2,4,2,18,2
c8b6e8f4da,46345cb751,0,order,,1,4a318aeb13,-1,47,,,3,2017-02,0,F,26-35,S,1,4,1,16,4
e28e3ff7b7,4adfd1af11,0,order,,2,b1d28a5bfe,-1,52,,,4,2016-05,1,M,16-25,M,3,2,4,16,4
adb49c94cb,e4ff7f829b,0,order,,1,75211acdeb,-1,-1,,,1,2014-09,1,M,16-25,S,2,3,-1,2,6
a5993e904c,99561cea53,0,order,,2,97242b6db3,2,62,,,2,2014-11,0,F,56+,S,1,1,1,1,0
b876f5d184,e7eb39283b,1,order,,2,7b0c8fd606,3,38,,,2,2013-10,0,F,36-45,S,1,1,2,2,-1
69119a0f7f,9260f07946,1,order,,1,90027b04fe,1,61,6/21/2018,,3,2017-10,1,M,16-25,S,3,1,3,9,4
2eacc22f63,5dbfd1d656,0,order,,1,e5ac953cd7,3,52,,,2,2018-05,1,F,26-35,M,2,2,1,15,4
ad4e196893,880e6944aa,0,order,,1,b37334913d,-1,-1,7/2/2018,,1,2016-05,0,M,16-25,S,3,1,2,1,1
08f482521c,7508114907,0,order,,1,0e0cf03e2c,0,88,1/16/2018,,1,2018-07,0,M,36-45,S,2,2,1,21,5
eeb2e044b2,8ae949eb42,0,order,,2,9d6ac304a6,0,-1,,,3,2017-03,1,F,26-35,S,3,3,2,22,1
f3d94616b3,7c993ba6b1,0,order,3/7/2018,2,f2b0af06d9,1,92,,,3,2017-07,1,F,26-35,S,2,3,3,16,4
fa54c6f7be,2e7d9fa7fe,1,order,3/27/2018,2,a1bd3c6013,0,55,,,2,2014-07,0,F,16-25,S,2,2,4,1,6
f36b649e76,ed58fe7da1,0,order,,2,0bf0c0a122,-1,16,,,4,2014-04,0,M,26-35,M,1,1,-1,22,3
c84e9ad1d2,92e6281ad9,0,order,,2,6c2ce9345c,4,3,,,1,2017-02,1,F,36-45,S,3,4,3,17,3
0f40b46f90,5e0cb1f5fe,0,order,,1,eaf0d35b09,4,-1,,,2,2018-02,1,M,36-45,M,1,1,2,2,1
a253e18789,2c905a1278,1,order,,2,f6f873d9a2,0,-1,,,4,2014-05,0,M,16-25,M,1,4,4,21,5
1591cc8c68,efd19d870f,0,order,,2,cf4d77bfba,1,44,10/2/2018,,1,2016-07,1,F,46-55,M,1,1,2,1,2
72281a56ed,7d813a4d64,1,order,,2,a99a0b1fcc,2,90,,,2,2016-12,1,F,26-35,M,1,3,3,16,2
76d8b1b93c,5b34f36554,1,order,3/20/2018,1,f3208e6b19,4,1,,,3,2018-03,1,M,46-55,U,2,3,1,10,0
8bd4cf8bc6,1ff3e6c75b,0,order,,1,479fb072d5,-1,78,,,4,2014-01,0,F,16-25,S,2,4,1,14,5
c6ec82da9b,6fe99de21a,1,order,,2,afab89f502,-1,29,,,1,2018-04,1,F,36-45,S,3,1,3,5,-1
f86da727e4,e2dd99a24d,0,order,3/4/2018,1,50a2c268d5,0,32,,,4,2018-06,0,F,26-35,S,2,2,1,12,0
fed5cbe69e,98a7f1ae88,1,order,,2,df1e38c275,2,89,,,4,2014-07,0,M,16-25,S,1,2,3,5,4
ef101f6961,ed51faf698,1,order,,2,104a069e65,3,90,,,2,2013-05,1,M,16-25,S,2,4,-1,3,-1
e74018c285,597d3e920d,0,order,,2,2df6cad57c,0,17,12/27/2018,,3,2013-11,1,M,16-25,U,2,2,1,3,-1
a4e92daee5,a1d05494dc,0,order,,2,03222006ab,1,15,,,4,2014-03,1,F,46-55,M,3,4,4,7,2
b960d51f61,58162c3eba,1,order,,1,c78d597817,4,15,,,3,2014-04,1,M,26-35,M,2,4,-1,6,-1
6dba444cc4,6a6dc4ff22,0,order,,1,b019f30131,0,73,,,1,2015-04,0,F,16-25,M,2,2,2,21,6
4ef1415c97,001dc2c558,1,order,,2,82791404d6,0,96,,,2,2018-12,0,F,16-25,M,1,1,2,17,0
32c804a8bb,91e675d109,0,order,,2,5f64a4c455,0,65,,,4,2014-06,1,F,36-45,S,3,4,2,3,0
1d90f93f07,d7327cf650,1,order,,2,842ddfd61d,-1,43,,,3,2017-05,1,F,26-35,S,3,3,2,9,-1
0cc14d498e,de2621c4e4,0,order,,2,4167ad11ef,3,-1,,,1,2013-01,1,F,16-25,S,2,2,1,8,1
bc1d701be3,20654213aa,1,order,,1,76b77f4e03,1,92,7/25/2018,,3,2016-05,1,F,26-35,U,1,2,-1,11,3
44e5a96a3e,129062e452,1,order,,1,f71b270f33,4,85,,,4,2018-10,0,M,26-35,S,3,4,-1,5,1
e07375dd48,79ae2da7dc,1,order,3/24/2018,1,7fb989baa4,-1,27,,,3,2017-11,1,F,36-45,S,1,2,4,2,3
68ec0ac4b1,8caa2c063b,0,order,,1,67637c3522,2,-1,,,3,2016-12,0,M,16-25,S,2,1,2,11,1
176ed98037,986b5bf1ad,1,order,,1,de656ff79a,3,5,,,4,2013-03,0,M,26-35,M,1,1,1,14,2
6689691f85,7026795d00,0,order,,1,6c188f7cce,4,-1,,,1,2013-01,1,F,36-45,M,3,4,3,1,1
7649ee2bc7,2a25b0d52a,0,order,,1,989282f248,1,92,,,2,2017-03,0,F,26-35,S,2,2,1,16,-1
bd170f8412,719d3083b5,0,order,,2,af28c68146,4,61,,,4,2017-01,1,M,36-45,M,1,3,1,13,0
4df45d1998,412ebf0ea3,1,order,,1,c207671e56,3,31,,,2,2015-11,0,F,36-45,U,2,4,2,7,3
d14c417fce,9d75f4cb01,1,order,,2,5ee005bb07,1,16,,,4,2014-04,0,M,36-45,S,3,4,-1,5,0
44224ea771,106eb5ac06,1,order,,2,e1e5a81f43,-1,94,,,2,2014-11,0,F,16-25,S,2,3,2,12,4
77c3d60a9e,c1877291b0,0,order,3/15/2018,2,11ecb925f6,0,20,,,2,2015-04,0,M,16-25,S,1,1,2,8,4
8c32a7c7cf,76d405df1d,1,order,,1,459a3d746e,1,67,,,1,2015-02,0,F,26-35,S,2,1,2,5,1
f1f85e26d4,dbe31bbb28,1,order,,1,96e704f1b3,-1,60,,,4,2014-04,0,M,56+,S,1,2,3,5,-1
e8852e0113,9373a6f48e,0,order,,2,1457d77dc5,4,84,,,2,2016-08,1,M,46-55,S,1,1,3,1,1
b12b04de7e,075a1e1992,0,order,,1,3c94c7d15e,4,63,10/2/2018,,2,2015-12,0,M,26-35,S,1,2,-1,3,6
ee34a046ef,65be904359,0,order,,1,955ae847e3,-1,31,,,4,2018-08,1,F,26-35,S,3,3,2,3,2
5c806bbeaf,cdfdabcb55,0,order,3/24/2018,1,ed4782b1f8,4,39,12/27/2018,,4,2017-10,0,M,16-25,M,1,3,2,15,5
7b9dedf5f1,c07ab19c62,0,order,,2,6914736d2a,0,-1,,,3,2016-07,0,F,26-35,S,1,3,-1,-1,1
5b92a6cf38,907f72c980,0,order,,2,025cb0ddad,0,57,,,4,2016-12,0,F,16-25,M,2,1,4,19,5
08dfc46fce,9fc00bed14,1,order,,2,91bf4e729a,1,82,,,2,2017-11,1,F,36-45,M,2,4,3,21,2
35d5c21e42,9070509c38,1,order,3/12/2018,1,d7e2b3a3ba,3,-1,,,1,2015-12,1,M,46-55,M,2,4,1,23,6
40ce095abb,9e2ac983d3,0,order,,2,79ef944795,0,68,,,4,2016-11,1,F,26-35,M,3,4,3,22,3
00f1876028,dfaf57acbb,0,order,,1,7629acca21,-1,65,,,1,2014-09,1,F,16-25,M,2,1,4,-1,3
1bdad9b083,24039b3fdf,1,order,,2,444a3c9d65,2,-1,,,2,2017-10,0,F,16-25,S,1,4,4,3,-1
2ed1f890ef,859185011f,1,order,,2,e7d0d8b428,3,54,3/16/2018,,3,2015-11,1,M,36-45,M,1,2,2,-1,5
c28668bb3e,446d039fa7,0,order,3/9/2018,1,19d2916b7b,-1,91,,,2,2016-09,1,M,16-25,S,1,1,3,19,1
6bd5d14bcf,edf94c91e1,0,order,3/8/2018,2,ff58e1810f,2,85,,,4,2017-01,1,F,36-45,U,3,3,2,5,5
607c126768,b52eae5bc9,1,order,3/21/2018,2,eb825653dc,-1,56,,,2,2013-06,0,F,36-45,M,2,2,4,13,-1
996f7aa6ab,407e5ab96d,1,order,,1,ebcedac64e,2,84,,,2,2015-12,1,F,36-45,S,2,1,-1,20,-1
7796c517e4,63e91a4ce1,0,order,,1,f61b130469,-1,95,,,2,2015-09,0,F,16-25,M,1,1,1,18,0
43e27794cd,0b6ebad26e,0,order,3/15/2018,2,a46db8ae39,-1,67,,,2,2014-05,1,F,26-35,M,1,3,1,19,-1
6d15e92ee5,91134d49d5,0,order,,1,a9f883258e,3,-1,,,1,2018-11,0,F,36-45,S,1,3,4,14,5
2897bacfc2,5c6aa1536c,0,order,,1,ea4c4683dc,1,87,,,3,2013-05,0,F,36-45,S,3,4,1,1,4
0fca4c1a6d,0cb128eb25,0,order,3/7/2018,2,c6bca1151a,1,91,,,3,2013-05,1,M,36-45,S,3,2,1,11,2
a5cb44684a,81966e4b23,0,order,,2,9e932f3a93,0,32,,,3,2017-07,0,M,36-45,M,1,4,4,20,1
83b0ec1c5a,bdcad40472,0,order,,2,70becaab06,-1,13,,,1,2015-09,0,M,26-35,M,1,2,1,8,2
350a914ac9,7625044d3c,1,order,,2,c167ca744f,4,-1,,,1,2014-07,1,F,26-35,S,1,4,3,13,5
293773db17,a72f8aef5d,0,order,,2,dc1044de3b,2,29,,,2,2013-05,0,F,26-35,S,1,4,4,8,1
1b653128b9,aa7b4c6c7d,0,order,,2,8c531ecab6,-1,69,,,4,2018-07,1,F,56+,S,3,4,1,0,6
3eae000c54,f565c30eae,0,order,3/19/2018,2,eac32ee114,-1,-1,,,4,2014-05,1,F,16-25,S,1,2,4,20,6
9b76656758,e766823fea,1,order,,1,db46de5dea,2,94,,,3,2018-09,0,M,16-25,U,1,2,1,5,2
ab0a5af61a,cf0ac89bce,0,order,,1,55a775b420,-1,1,,,4,2016-07,0,F,36-45,M,1,4,2,6,5
55990769a0,1d45989fc8,1,order,,2,84eb78f5b5,3,-1,,,1,2017-02,1,F,36-45,M,2,4,3,15,5
07d31641ea,ccc86d3100,1,order,,1,82f152f97e,3,65,,,3,2017-08,0,F,26-35,S,3,3,4,2,-1
cea50159a2,91e605dfaf,1,order,,2,da7569a221,0,3,,,1,2018-12,0,F,16-25,M,2,1,1,17,2
4e41357711,42dd889d85,0,order,3/3/2018,1,a1898972bf,-1,98,,,2,2015-08,1,M,16-25,S,2,2,2,23,1
35f45b5f75,3cf04735b4,1,order,,1,72a8aa3054,1,72,9/21/2018,,1,2018-01,0,M,36-45,S,3,1,2,20,5
cca2495644,b496f7d86b,1,order,,1,b8ea3a3aa1,4,-1,,,1,2013-07,1,F,16-25,S,2,3,1,6,2
7d5bf2e41d,6ddfba74a9,0,order,3/10/2018,1,70ad8245bd,4,79,,,1,2016-02,1,M,16-25,U,1,4,4,0,3
0f393dbfcb,a733b5d368,1,order,,2,f07dca4603,0,98,,,2,2013-06,1,M,46-55,S,2,3,1,1,5
fa33a5c90e,b18836d0f4,1,order,,1,481d3333f7,2,23,,,4,2013-02,0,M,26-35,U,1,1,1,21,6
f446c02b67,7f5931191b,0,order,,2,2c86b62fb8,2,82,,,2,2018-12,1,F,16-25,S,3,2,2,5,1
ec134a6a37,52f6c3f8dd,0,order,,1,cc7ab8964a,0,18,,,4,2018-10,1,F,26-35,U,1,3,4,13,0
5336abc391,e352f24981,1,order,,1,bd6244734c,-1,62,,,3,2018-07,1,M,36-45,S,3,4,-1,19,0
27b32c9d1f,885c2c8ab0,0,order,,1,a507386fa0,1,67,,,3,2014-04,0,M,36-45,S,3,2,4,17,4
cd1a82eddb,86a36822d2,0,order,3/11/2018,1,f26d57b5bf,4,39,,,4,2017-02,0,M,16-25,S,2,4,3,18,0
2b7b9d84aa,2fde012d61,1,order,,2,11c0fe5d78,3,40,,,3,2016-09,1,M,36-45,M,2,4,2,23,0
48a525d267,d51fefc7ab,0,order,,2,947cb26652,4,19,,,1,2015-03,0,F,16-25,S,2,3,-1,21,5
c5f67d7a5a,664db503a2,0,order,,2,b67027a77f,-1,67,,,1,2015-11,1,F,16-25,S,1,4,4,2,3
9f63288106,9ae86ea29c,0,order,,2,06a8e274a3,2,96,,,2,2014-11,0,M,26-35,S,1,3,4,21,2
0fc1ccbdb8,8fcbd182f1,1,order,,1,dff2aa7d4f,3,96,,,4,2014-02,1,F,26-35,S,2,2,4,12,5
bc979568b3,852cc20710,0,order,,1,fb52cef848,0,95,,,4,2016-12,1,F,36-45,U,2,4,2,23,1
64244f6563,6a31ec6953,0,order,3/9/2018,2,3e404bbc1a,2,-1,,,2,2018-12,0,M,36-45,S,2,1,3,21,2
ef620fdd9a,3bf53818a4,0,order,,2,13de73d52d,1,-1,,,3,2015-01,1,F,46-55,S,1,3,4,7,2
c6d371c185,46bcbd7d49,0,order,,1,aec4b79d98,3,77,,,1,2014-07,0,M,36-45,S,2,4,4,9,4
f62e88af0b,6d72cfb06e,1,order,,1,63551a0b34,2,33,,,1,2018-04,1,F,26-35,S,1,3,4,4,6
72e8e2a0ff,0c46acaf32,0,order,,1,e3fc245384,0,20,,,4,2014-08,1,F,16-25,S,2,3,-1,9,0
e5b3d1ba47,6a707a90da,1,order,,1,0372b6738a,0,75,,,3,2014-11,1,F,16-25,M,3,2,2,22,4
700ba47ca7,60b6cdb41f,0,order,,2,d1a51f777e,4,30,,,2,2015-04,1,M,26-35,S,3,3,2,2,2
d8073a1f9c,17427e5259,0,order,3/15/2018,1,a3ec31ff5f,2,53,,,4,2013-01,0,M,36-45,M,3,2,1,21,0
7167633173,3f3f684348,1,order,3/24/2018,2,8b935c6c6a,0,66,,,2,2017-05,0,M,16-25,M,3,4,4,15,1
a36f8bad0b,a415e5d330,1,order,,1,dce40c0368,-1,82,,,4,2016-03,0,F,16-25,M,3,2,-1,12,0
35e6871426,8c70e9c53a,0,order,,2,0633447ec0,-1,40,,,1,2016-09,0,F,26-35,S,2,2,1,15,0
0c81f4578a,f9672c990e,1,order,,1,4717f14156,-1,56,,,1,2014-04,0,M,16-25,M,3,2,4,6,-1
8a4bd11254,79befd8bb5,0,order,,2,7584d443aa,-1,78,,,4,2013-08,1,M,26-35,S,2,2,-1,23,6
c4ecff1ad0,f7e14bba4d,1,order,,1,cf14d64b84,0,0,,,4,2016-02,1,F,26-35,M,3,4,2,3,6
243c2e5965,11d2ea2b81,0,order,3/6/2018,2,c27ac520f5,-1,99,,,2,2017-04,0,F,16-25,M,2,4,3,17,5
d5fa5d45e3,50153550d1,1,order,,1,7eb02ea9dd,-1,27,,,4,2013-10,1,M,36-45,M,2,2,1,23,2
e0029dd9af,8380a2e0c5,0,order,,1,b8eb1e22c1,3,1,,,2,2016-10,1,M,26-35,S,2,2,3,23,6
f1852c8a81,2beae9e7a2,1,order,,2,099758857f,4,26,7/24/2018,,4,2018-07,1,F,16-25,S,3,3,1,14,4
d63a4b8713,a0421f3db9,0,order,,2,c909e084c4,0,-1,,,2,2015-07,0,F,36-45,M,3,1,2,22,5
df872ba841,f9fb0d930c,0,order,,2,7f12382b49,-1,32,,,4,2018-01,0,M,36-45,M,2,2,2,14,6
f3a1a3b376,aa7484a2c8,0,order,,1,3c75b29348,1,22,,,1,2018-08,0,M,16-25,S,1,1,2,21,1
8555ad5031,3f8cd29194,1,order,,2,b826de5633,-1,-1,,,1,2017-08,0,F,36-45,M,2,3,4,3,-1
ac3877e498,d282eb8539,1,order,,2,89a99cb8c0,2,-1,,,2,2014-03,1,M,16-25,S,3,2,3,6,4
e3ed7da5d0,151fb9b2cc,1,order,,1,f7a2d39cbf,-1,0,,,2,2017-09,0,M,26-35,S,1,1,4,3,0
2ec4fa3dfc,b457f4d7c4,0,order,,1,7d33b67d0d,-1,26,,,4,2014-02,0,F,26-35,S,2,4,1,16,6
9dc7cd07e4,55424f1344,0,order,,1,6064d9b300,4,51,,,3,2016-07,1,F,56+,S,1,1,4,9,2
9795acbd42,d6d1a3e6a9,0,order,,2,63c89beb99,-1,24,5/13/2018,,4,2015-02,0,F,46-55,M,3,3,2,12,-1
82a6b78faf,58b5aacb74,1,order,,2,29c81caa0a,4,94,,,4,2016-11,0,F,36-45,S,2,2,-1,21,5
3f3b0ae425,632ad6dd00,0,order,,2,0e6100f807,-1,97,,,4,2017-05,1,F,46-55,S,1,1,2,3,2
106d643165,e875339d43,0,order,,1,2e44fa7b73,-1,61,,,4,2017-12,1,F,16-25,S,2,2,2,19,2
759b00431e,5ccd8f9192,1,order,,2,2056e36327,1,88,,,3,2015-06,0,F,16-25,U,3,3,4,8,4
1d1a68831e,e1a53e8ac2,1,order,,2,4298090739,1,20,,,2,2018-10,1,F,16-25,S,1,4,3,5,1
bc98d293a6,f11b19c029,0,order,,1,c3591d2d51,1,94,,,3,2015-07,1,M,26-35,S,1,3,3,8,5
6590c6f714,73a4818f27,0,order,,1,c53ba9262d,2,-1,8/13/2018,,2,2013-01,0,F,16-25,S,3,4,1,0,-1
7645b629b7,2963461a4b,0,order,,1,9e1913dfd7,3,10,,,2,2018-04,1,F,16-25,S,3,4,1,16,5
b32cc8773b,fe7363c6d4,1,order,3/18/2018,1,b5b22feb01,4,88,,,3,2014-08,1,M,16-25,S,3,4,1,14,2
6c7ddc4acb,3d25c5c839,1,order,,1,32fef1da89,4,69,,,3,2014-10,0,F,26-35,S,3,4,2,10,3
e2ab549491,35100b212d,0,order,,1,185be5ba5e,-1,89,,,2,2017-01,0,F,26-35,M,1,2,-1,17,0
66b05a7bdc,f38438de06,1,order,,2,29c89932d5,4,91,5/10/2018,,2,2016-07,0,F,16-25,S,3,3,1,20,-1
521a2d90c3,c73651a44e,1,order,,1,bbe9719dd6,-1,10,,,2,2016-10,1,F,16-25,M,1,3,2,22,6
f4875208f5,9f74ce40fb,0,order,3/5/2018,2,d392fe4ba4,-1,93,,,4,2016-03,0,M,46-55,U,2,3,4,13,1
4af8fac38b,609676a6ff,1,order,,2,93ed02086a,-1,70,,,4,2016-05,1,F,26-35,S,1,4,3,14,5
5b6b711fa9,15f0516b22,1,order,,1,afaaa1081e,2,47,,,4,2017-04,0,M,16-25,M,2,4,-1,10,6
c456a84853,00c31f5742,1,order,,1,2491a09dce,2,32,,,2,2014-09,0,M,26-35,M,1,2,-1,5,2
34856cb690,ba56187f5b,1,order,,1,c754666216,4,60,,,3,2016-04,0,F,36-45,M,3,4,1,2,6
6743b0ffa4,584f6817ed,0,order,,1,a77811cfaa,-1,80,,,4,2018-11,0,F,26-35,M,3,1,4,12,-1
48a570ee4e,9f2b65f690,1,order,,2,d9bdf0f9f5,0,81,12/18/2018,,2,2018-10,0,F,16-25,S,3,3,4,19,2
d226b5b2ea,33ac67adca,0,order,,1,5a8f211235,2,37,9/1/2018,,1,2013-07,1,F,16-25,M,1,4,3,16,2
4c6cba10b3,192c970a87,1,order,,1,d88d1be833,1,70,,,2,2018-12,0,M,36-45,M,2,3,4,16,0
18eb46b78d,35dcd13f1f,0,order,,2,88c7215e2d,2,24,,,1,2018-04,1,F,16-25,U,2,4,2,3,6
00e4d4dfe3,ad6747e607,0,order,,1,89b359b53a,-1,-1,,,3,2015-01,1,F,16-25,M,1,2,3,0,-1
80460a32ad,132c5eb83d,0,order,3/9/2018,1,2069584e89,2,97,,,2,2017-09,1,F,16-25,S,2,1,1,21,4
f3cbd27e93,a44daf8acf,0,order,,2,eca3e8755f,0,43,,,3,2017-10,0,M,36-45,S,2,4,-1,2,2
0b1da43159,3b7b07f032,0,order,,1,6ff399d138,2,86,,,3,2015-12,0,F,46-55,S,3,1,3,2,2
47a73cb727,dd92fa729c,0,order,,1,efa23bb88f,1,33,11/20/2018,,4,2014-03,0,F,36-45,M,2,4,1,11,3
572706b224,4fc9801b17,0,order,,2,56cdd98c3d,-1,65,,,1,2016-01,0,F,36-45,S,2,4,2,-1,2
e4f30c1183,3dd2640ebd,0,order,,1,caf5995cdd,-1,24,,,4,2014-08,1,M,36-45,S,1,4,4,13,3
98b543b5d8,5e181a9eca,1,order,3/27/2018,1,ea9781b16a,-1,48,3/21/2018,,4,2016-05,1,F,46-55,S,1,3,-1,6,0
cabf7dd6b7,61e210d140,1,order,,1,86ea785643,3,-1,,,2,2018-03,1,F,36-45,S,2,3,4,13,3
a673af51b3,d6a99dd632,1,order,,2,4df4eae10f,-1,56,,,3,2015-09,1,M,26-35,S,2,4,-1,18,0
baf9144ed6,1e4e9f90c9,1,order,3/5/2018,2,a2581c035a,-1,79,,,1,2013-07,0,F,16-25,S,3,4,-1,4,4
e951eeb186,3a28d39ec8,0,order,,2,269f621368,2,66,,,1,2016-08,1,F,56+,M,2,2,3,13,2
ae8f3eddf3,10259bb35c,0,order,,1,8ac912d781,0,56,10/20/2018,,3,2017-12,1,M,16-25,M,1,1,3,1,2
30c7414f10,c33644720e,0,order,3/1/2018,1,fa551ff6e0,-1,42,,,1,2016-11,1,F,16-25,M,1,1,4,6,6
453380f751,857c7ec490,0,order,,1,90e5d40f7c,4,64,,,1,2013-03,1,F,36-45,S,2,4,3,21,4
3e5b255d6c,78f3bd729b,0,order,3/11/2018,2,852441013b,1,40,,,4,2014-01,0,M,26-35,M,3,1,2,7,6
e53dee2915,70a493ad09,0,order,,2,a0fcf6cae9,1,80,,,3,2018-08,1,M,16-25,S,2,4,3,16,-1
6ebfd5d13d,ba81545e09,0,order,,1,619cee014f,3,26,,,1,2014-01,0,M,26-35,M,2,4,4,11,5
0ae3b9b41e,8c58830ec4,1,order,3/19/2018,1,3cf9ab6073,1,-1,,,3,2016-03,0,M,36-45,S,2,2,4,4,5
1503a0355f,720a91fc2b,1,order,,1,febdc378f5,4,62,,,1,2015-12,0,F,26-35,S,1,3,2,19,1
23c77f30e4,b6b8677151,0,order,,1,423c8ae18a,1,82,,,2,2015-05,0,F,36-45,S,1,4,3,7,4
5d91ee0d22,55d072d56a,1,order,,1,70913660e8,4,28,,,1,2014-09,0,M,16-25,U,3,3,1,23,3
c9683b5486,c8c29c6cda,0,order,,2,3af48bf171,2,98,,,4,2016-08,0,F,36-45,S,1,2,4,-1,-1
13f4620e9e,eb545de9f2,1,order,,2,47605c8ed0,3,-1,,,1,2015-02,0,F,16-25,S,3,3,3,16,0
d57bc70445,7a2a49576c,0,order,,1,3c792fdc7e,2,47,2/18/2018,,3,2016-09,0,F,26-35,S,2,4,1,9,-1
9f2549df84,fb591183ff,1,order,,1,ddddbc6ed1,2,28,,,1,2017-10,0,F,36-45,S,2,3,3,2,1
3c010bdc4d,368ac28909,0,order,,1,fc2a85b661,2,45,7/10/2018,,1,2015-01,0,M,26-35,M,3,2,1,7,5
0f9b1f64d8,4c8f279562,1,order,,2,944bf8ee74,3,92,,,2,2017-12,1,F,26-35,S,3,2,2,20,0
235187ab2c,85a78fe89a,1,order,,2,e32bbf0586,3,36,,,2,2014-02,0,M,26-35,S,3,4,1,5,0
d0cf63843d,6b000328d0,1,order,3/26/2018,1,00635e0ff7,-1,51,,,4,2013-06,1,M,16-25,M,2,1,3,19,1
9ebbc527fd,92cceaa211,0,order,,1,2dc36afef5,-1,95,,,4,2013-06,0,M,36-45,M,2,4,3,20,2
b53c7c37ce,dd77052b3a,0,order,,2,8a3b52f4e9,-1,14,3/20/2018,,2,2016-06,1,F,26-35,U,2,4,4,16,-1
064bcab508,df81acc793,1,order,,2,54a212bcb7,3,-1,,,1,2014-12,1,M,36-45,S,1,4,2,3,2
0998d16f4f,2770f1319b,1,order,3/19/2018,2,28fa155a17,4,11,,,3,2016-03,0,F,46-55,M,2,1,-1,19,5
003fa812dd,cb03b4bc26,0,order,,1,e198470b2f,3,17,,,1,2015-10,0,M,26-35,S,2,4,3,20,0
068b0d8850,65cf1828b9,0,order,3/23/2018,2,f089eb7766,3,77,,,1,2015-11,0,F,36-45,M,1,3,3,-1,6
eddb7e147c,10d69c0aee,0,order,,1,3b9886da39,2,44,,,4,2015-02,1,M,16-25,S,1,3,2,14,3
5d5556d570,c48723a241,1,order,,1,6155be62b8,1,94,,,2,2013-01,0,F,26-35,M,3,2,2,16,0
8375617c96,d3a247a68c,0,order,3/13/2018,2,0a61e3a569,2,37,,,1,2016-04,1,M,26-35,S,3,4,-1,16,1
d994a53c97,7cf8aae7d4,0,order,,1,023c4acc93,0,-1,,,3,2014-01,1,F,36-45,M,1,2,2,11,1
b9c6f87ef4,d81a5f8d71,1,order,,2,383d963966,1,42,,,4,2016-01,1,M,26-35,S,1,2,-1,12,-1
381aa14f27,9aa1097d3b,1,order,,2,cb9abcaf9c,-1,57,,,2,2018-10,1,M,26-35,S,1,4,4,23,0
a35c6d0a5e,3196632a6b,0,order,,1,c96418afdf,0,98,,,2,2013-01,0,M,46-55,M,3,2,1,5,2
71d80b9eba,6b6549630e,0,order,,1,619ab081f5,-1,-1,,,4,2014-04,1,M,16-25,S,2,3,3,22,4
392669385e,5f60f9fb33,1,order,3/6/2018,2,711a3716ed,-1,-1,,,3,2014-01,1,M,26-35,M,1,4,2,-1,2
fd3bfed12c,70509b3036,1,order,,1,b58324b09b,0,-1,,,2,2016-02,1,M,26-35,M,1,4,1,10,6
477cb4c79d,5cb06bf676,0,order,,2,0a160da5b3,1,54,,,2,2014-07,1,F,16-25,S,3,3,2,14,2
40a447edb4,e7558d7a56,1,order,,1,70f27725b7,4,70,,,4,2013-11,1,M,56+,S,3,2,3,19,6
fd0314a82a,51289f4e71,0,order,,2,1010ca665c,2,87,,,1,2017-11,0,M,36-45,M,1,4,2,18,6
9e4ea45bba,e5f7e6b132,1,order,,1,9d35379ca2,-1,80,,,1,2017-02,1,M,36-45,M,3,3,4,17,-1
668c4e374e,883bcb8ada,1,order,,2,0c3593072a,3,10,,,3,2014-10,1,M,16-25,M,1,2,3,7,3
22a2fce4b9,905355d446,1,order,,1,dd2da022e5,4,82,,,3,2016-11,0,F,36-45,M,1,2,2,17,6
67021c4bb2,36f530fd4f,0,order,3/14/2018,1,90d7e7b8c5,1,-1,6/11/2018,,4,2013-03,0,F,26-35,S,3,3,3,16,0
541c5eddb8,69d4d70e19,1,order,,2,33b9a0e00b,4,21,,,4,2013-03,1,M,16-25,M,1,4,1,7,2
65a7d25743,8bbbafea11,1,order,,1,c3c2e30943,3,90,,,4,2017-05,0,F,26-35,S,1,1,-1,9,1
82c6c1c7db,c8ced26040,1,order,,1,3a7aa6ce8c,4,60,,,4,2018-10,1,F,36-45,S,2,4,4,17,0
ca1f6e8a2e,d1221c79eb,0,order,,2,72c321fbe3,4,45,,,4,2017-12,0,F,46-55,S,3,1,4,3,0
c76c24285f,68a58cd2a5,1,order,,1,a701ee4bca,1,14,,,1,2016-07,0,F,26-35,M,2,1,2,-1,1
e9c86c542d,b61acc1909,1,order,,2,eb1553d0c6,3,44,,,4,2016-05,0,M,36-45,U,1,3,-1,10,2
c0d3e224ef,2489dd17fc,1,order,,1,0ec0c32841,0,18,,,3,2018-05,0,F,36-45,S,3,4,4,-1,3
a094b9eb5c,b888e952e3,0,order,3/17/2018,2,845c239494,-1,-1,,,2,2015-06,0,F,26-35,S,1,2,2,23,3
36336d71c1,02784a0b83,0,order,,1,430c5ff9e4,2,34,,,4,2015-03,0,F,56+,S,2,2,2,4,1
83e76f7b69,b5d20a06a4,1,order,,1,133b4bdd32,4,68,,,1,2017-09,0,F,26-35,S,1,4,2,2,0
786b7ab521,430fa73f25,1,order,,1,d3d576ed21,-1,-1,,,2,2014-07,1,F,16-25,S,2,1,2,4,3
935c7a2c90,639b0e620d,1,order,,1,b4911ccbfc,2,35,,,3,2018-05,0,F,26-35,S,1,2,3,17,1
7e760e3968,691edfb64f,1,order,,1,a538de300c,1,49,7/19/2018,,4,2018-09,1,F,26-35,S,3,3,3,-1,-1
1d2a4a12e9,72871703e7,1,order,,1,ece6bc8ce2,3,83,,,1,2014-10,0,F,36-45,S,3,3,4,2,2
d5c1b2a7a4,4ca10778a3,1,order,,2,df4f84df78,2,3,,,4,2014-03,1,M,36-45,U,3,4,2,21,3
1c7160ef65,aa54c9b97b,1,order,,1,182c1e3461,1,35,6/8/2018,,3,2015-05,0,F,16-25,U,2,1,4,1,5
a8c363f6ac,1ebe2884a3,1,order,,1,8d87f8a71e,4,49,,,2,2017-08,0,F,16-25,M,1,1,4,18,1
90fd4fe865,acdc7c8da9,1,order,,2,f98bfc40f8,2,64,,,1,2015-09,0,M,16-25,S,3,2,4,19,0
4312f53d90,aefa0a8dca,0,order,,2,2921d2b166,2,-1,,,2,2013-01,1,F,46-55,M,2,3,-1,18,5
4c4a9021db,3c2e469c04,1,order,,1,ac83edd105,-1,44,11/8/2018,,4,2015-02,0,M,16-25,M,3,4,3,23,3
2a25ad4306,677d9fcfac,1,order,,2,23bfc29de8,1,16,,,2,2015-10,1,F,36-45,M,2,3,4,19,3
91aa21322c,9d4e693350,0,order,,2,14c64299ea,4,43,,,3,2015-10,0,F,16-25,U,1,2,-1,20,4
38ca6b0953,dc8cbb590a,1,order,,2,b7bceccaac,-1,87,,,4,2017-03,0,F,36-45,M,3,3,4,22,-1
2bf14477a1,2bb84a43a8,1,order,,1,969248f772,-1,85,,,4,2015-05,1,F,26-35,S,2,3,4,19,0
81caeba5d6,2ac95412da,0,order,,1,7b67ca63d3,3,65,,,1,2015-09,1,F,36-45,S,3,4,2,2,6
3388493e00,c19c22ace5,1,order,,2,714e1bc460,-1,26,,,3,2016-07,1,F,46-55,S,1,3,2,3,0
5e3f551bdd,4e8312facc,1,order,,2,450caea21e,2,24,12/19/2018,,3,2017-10,0,M,56+,U,3,3,-1,11,0
2a74c9ded1,9547ba74d6,1,order,3/8/2018,2,a3f0920053,2,38,,,4,2014-03,1,M,16-25,S,2,2,4,7,4
97203dace0,291442ae31,0,order,,2,ccd70cb18b,0,77,,,1,2018-06,1,M,36-45,S,2,3,3,8,3
6bbb22685b,5fcd471d91,0,order,3/1/2018,2,e2b59eabfb,3,88,,,1,2017-04,0,F,36-45,M,3,4,3,9,5
3518bf3a08,b905943ef0,1,order,,2,ca65ca66cc,3,99,,,1,2016-11,1,F,26-35,S,3,4,-1,8,2
e1618d7b4d,0d417a5458,1,order,,1,dafe4d0d81,0,96,,,4,2016-04,1,M,16-25,S,3,1,2,13,2
3959484b35,5ecc31e487,1,order,,1,70b69f2989,-1,86,2/5/2018,,4,2018-09,0,F,26-35,M,3,1,3,15,3
0707da83d0,ab20bddd1f,1,order,,2,9d3ab1f70d,2,69,,,2,2018-06,1,M,26-35,S,2,3,4,15,1
31522d8b8b,43c38dd873,0,order,,2,ac10ff78e4,-1,14,,,1,2018-03,0,F,16-25,S,1,3,1,8,0
c7d1f72da8,40739a5bf5,1,order,,1,069f2ed5da,-1,11,,,1,2018-08,1,F,36-45,M,3,3,2,22,2
4ac522ca47,9e18384616,0,order,,2,e12cf16be5,-1,66,1/24/2018,,3,2015-02,0,F,26-35,S,3,3,1,22,1
25c4fb0549,b52d2733e6,0,order,,2,82221f93e7,3,88,,,3,2014-02,0,F,26-35,M,1,4,-1,13,3
f42c95b7ee,eeaac19687,1,order,,1,22a7dd338b,3,40,,,4,2017-11,1,M,36-45,M,2,3,4,2,0
5b8b550d86,d0cfde2138,0,order,,2,5541ece54a,2,5,,,4,2014-11,1,F,26-35,M,2,3,3,21,-1
8fde6a8db8,15238480cb,1,order,,2,6fcb15098b,2,-1,,,1,2015-05,0,F,46-55,S,1,4,3,3,2
7b810f4c12,a5eb5df975,1,order,,1,a3ef13b018,2,87,,,1,2015-05,1,F,26-35,S,1,2,4,17,-1
03f90ce28f,520a9adc32,0,order,,2,b78267144d,3,17,,,2,2016-08,1,F,16-25,M,1,2,4,21,1
559fec4725,709eb9d16b,0,order,,1,37e8e21fc4,3,91,,,2,2017-08,1,F,26-35,S,3,2,2,8,6
f1213a5c9e,f01aa81b81,0,order,,2,994ce8b5ea,-1,11,,,4,2017-08,1,M,16-25,M,2,1,-1,5,2
550fd43f8e,0edf2f8ca4,1,order,,2,4b52641290,-1,10,,,1,2016-04,1,M,46-55,M,1,2,3,18,5
529d1b0bed,5fe99bda33,1,order,,2,393f546f46,4,98,,,3,2013-10,1,M,26-35,M,2,3,1,7,2
9828e54d8e,fd3a6396d2,1,order,,1,7ef105dd6e,-1,49,,,2,2016-04,0,F,26-35,S,2,2,1,14,0
02acf442b3,b6ef86c66c,1,order,3/17/2018,1,8cbac4ffc9,4,45,,,3,2017-11,0,F,46-55,M,2,1,1,10,2
e9a4b32125,01310b1209,0,order,,1,0d96ff993b,-1,31,,,3,2016-12,1,F,26-35,M,1,4,4,1,2
1c50e7a9c0,2da921f368,1,order,,2,f23641a509,1,15,,,1,2018-04,1,F,26-35,M,3,4,2,17,5
549e0f7df2,9f2aabf9d5,1,order,,1,a44086fcb6,-1,95,,,1,2017-08,0,M,26-35,S,3,4,3,-1,-1
3c6742d70e,496076cc93,1,order,,1,bcc6f894b1,2,46,,,3,2014-09,1,F,36-45,S,1,3,2,21,2
1eb6616eef,8a0b725d43,0,order,,2,7ce81cfccc,1,55,,,1,2015-03,1,M,26-35,S,3,3,3,12,3
a8c3e87b97,df65491f2d,0,order,,2,f624037739,-1,45,,,4,2015-12,0,F,26-35,S,1,1,2,15,3
e5d3642094,e78389a9a1,1,order,,2,5d4f1ba974,3,16,,,1,2015-06,1,F,16-25,M,1,1,3,4,2
ff50bb5c16,063eb8a2ca,1,order,,1,99b41d9376,-1,14,,,3,2014-07,0,M,16-25,S,3,3,2,4,3
39132a6b2b,c7ae57a082,0,order,,1,83e34c0315,0,73,,,3,2018-05,1,M,36-45,S,3,4,4,10,1
976fad49ba,a21f35858f,0,order,3/25/2018,1,d08e0e86be,1,74,,,3,2013-05,1,F,16-25,M,1,1,4,20,3
745f4abe64,03698f2e12,1,order,,1,637468a3fe,4,79,,,1,2016-02,1,F,36-45,S,3,2,4,5,2
1f610871e3,67f47ba322,0,order,,1,ef3187b68f,0,-1,,,3,2015-12,0,F,36-45,M,3,4,-1,6,6
6c71a6b39d,64820bb466,1,order,,2,af506f0a37,3,66,,,1,2014-11,1,F,16-25,S,1,4,3,11,3
31759deaeb,1446a4958b,0,order,,2,36ad521691,2,72,,,2,2017-10,0,M,16-25,U,3,1,2,1,6
ef200a5bdb,82faa55161,0,order,,1,c65c8d12d3,2,66,,,4,2013-12,0,F,36-45,M,1,2,3,1,0
6bb1018cd9,6ee0942d11,1,order,,2,8bf2b0ed50,-1,84,,,3,2018-11,1,M,26-35,S,2,1,2,-1,-1
f43028c1db,13443dd12f,0,order,,1,fea966c436,-1,9,,,2,2017-08,1,M,36-45,S,3,4,2,9,-1
25acd11731,b1190cf8d8,1,order,,2,beb922a8a4,4,88,6/23/2018,,2,2018-01,1,F,46-55,M,2,2,1,19,2
7c8893af1a,d7440f064a,1,order,,1,fe220770c4,1,61,,,4,2014-12,1,F,16-25,M,1,1,3,-1,-1
652d76ff14,b91fd3828e,0,order,,1,5b294e0207,1,100,7/16/2018,,2,2015-10,1,M,26-35,S,3,2,1,12,6
4f00db6406,d87a9afcbd,1,order,,1,614b312ec7,-1,-1,,,3,2016-07,0,F,16-25,M,1,2,4,6,5
8a5043f1db,0b300d908d,0,order,,1,981556fddc,-1,70,,,1,2018-07,1,M,26-35,S,3,2,3,5,0
7317c5c34e,e04c3aa03c,1,order,,1,865d565163,2,43,,,1,2018-08,0,M,16-25,M,1,4,3,8,0
988a9b3d04,d9d13e09a7,1,order,,2,5697f22bc3,2,99,,,4,2013-09,0,M,36-45,M,3,1,2,0,3
51c7b2f0ae,5fe3a22e92,0,order,3/19/2018,1,da38ca4e2b,4,85,,,1,2018-07,1,M,26-35,S,1,1,1,3,-1
daf652bc08,4dd33df6f9,1,order,,1,992a48af8d,2,99,,,2,2015-05,1,F,16-25,S,2,1,2,23,1
928fcf8efd,f996e81a42,1,order,3/26/2018,2,02f2269ee2,1,16,,,1,2015-01,1,F,16-25,S,3,1,4,1,0
78749ad289,0e2dd38396,0,order,3/25/2018,2,d35fcb48e2,3,18,,,3,2017-05,0,F,26-35,M,2,2,4,18,3
91b0ab454b,dc8825bc53,1,order,,1,70b5c3def8,-1,24,,,1,2013-02,0,F,16-25,S,2,3,4,16,1
3c4df90dca,4b7c219999,1,order,,1,9859a7237b,4,-1,,,1,2014-05,1,M,36-45,M,1,3,4,17,5
ee7e8084b6,af54477e22,0,order,3/6/2018,2,6b9e67124f,-1,61,5/8/2018,,2,2018-11,0,M,16-25,M,2,1,3,0,2
b4d23db072,de05952f26,1,order,,2,20c20bbdcf,1,48,7/10/2018,,3,2017-10,1,F,16-25,M,3,4,4,9,4
ecc3b49fcc,a3b3fbfa43,1,order,,2,d9d4807bba,-1,39,,,3,2013-07,0,M,46-55,S,1,3,3,8,3
2792a4ff8c,97e44dc589,1,order,,1,015b7ff2a9,-1,46,,,3,2016-09,1,F,16-25,U,1,4,3,4,0
f13b36eb74,de731fc7da,0,order,,2,9689519e44,1,99,,,2,2018-06,0,F,16-25,S,3,2,2,5,4
62d0246dbe,842b2b690d,0,order,3/19/2018,2,1a0332efa4,0,-1,,,3,2013-07,1,M,16-25,U,1,2,4,8,4
ba3b63d5fe,a780def9e9,0,order,3/10/2018,2,9fadb8e8b0,4,-1,,,2,2017-11,0,F,46-55,S,2,3,3,11,1
df473c6e2f,f95014b12a,1,order,,1,7caac91d87,1,39,,,2,2013-12,0,M,16-25,M,3,2,4,15,4
34fa764737,bdaa6da520,1,order,,1,663bc71902,-1,73,,,1,2016-04,0,F,16-25,M,2,1,2,10,3
9450ecfbfd,f6e2243312,0,order,,1,23828cdfdf,-1,79,,,4,2015-10,1,M,26-35,M,3,3,2,14,-1
22a3b9fed7,2bd98defe3,0,order,,2,d81c2185af,2,52,12/5/2018,,1,2014-05,0,F,26-35,M,1,4,4,16,1
b3e99f7dbe,7ffcc9ffb8,1,order,3/19/2018,1,04d2368ccf,1,50,,,1,2013-06,0,M,16-25,U,2,2,4,1,3
26945dec3d,0011454b39,0,order,,2,50eaad4dbe,2,80,,,2,2017-05,1,M,26-35,S,2,4,2,13,6
1614c37d4e,ca0083082a,1,order,,1,7a9db6b9c8,2,66,,,3,2016-02,1,F,16-25,S,2,3,2,20,-1
95ad561759,9673243ccb,1,order,,2,97877bb2fd,3,91,,,4,2016-03,0,F,26-35,S,1,4,3,5,4
935414a468,53ffd08317,1,order,,2,9b8345cda6,2,69,,,1,2014-11,0,M,26-35,M,3,2,2,13,2
010c42271a,ec49fa6f75,1,order,,1,0d966fb66f,3,5,,,2,2013-07,1,F,26-35,S,2,4,3,6,3
b2f6d9d85e,a21619c210,1,order,,2,f606d25c41,-1,-1,,,3,2016-02,1,M,16-25,M,2,3,3,13,1
eca1cda8aa,0b9f2ec6a7,1,order,,2,4c37dd69cf,-1,40,,,2,2015-12,1,F,26-35,S,2,3,1,5,1
12476b9c3c,0d1fd5ef1b,0,order,3/9/2018,2,58331e5edd,-1,0,,,1,2017-10,1,F,16-25,S,1,2,3,15,0
33ed19fa8d,323780a6c8,1,order,,1,8904005c9a,-1,-1,,,1,2014-10,1,M,36-45,S,3,2,2,-1,-1
96eeee4c56,8c05aa3a68,0,order,,2,57682c6320,-1,37,,,1,2016-07,0,M,26-35,M,3,1,3,12,4
98e29c7ec2,d9a799274e,1,order,,1,714f83df20,3,51,4/21/2018,,2,2016-08,0,M,16-25,S,3,2,1,3,2
2b6bc0bed7,41eddb706b,1,order,,2,caa8a75049,-1,-1,,,4,2013-02,1,M,56+,S,3,2,3,22,4
74703c45b8,55e848eb87,1,order,,1,793dadecb0,4,100,,,1,2017-03,1,M,16-25,S,2,2,4,5,6
735996ac1a,cad391aa2f,0,order,3/1/2018,2,6ee8dd9ea1,1,-1,,,3,2015-08,0,F,16-25,M,3,2,-1,4,4
bb44714ede,b1fe06aa84,1,order,,2,2678694f00,-1,36,,,1,2014-09,1,F,36-45,S,1,1,-1,4,0
0a0e8b39d6,fb360c0435,1,order,,1,492742ba0b,2,97,,,1,2017-05,1,F,26-35,M,1,3,4,16,4
c537a386d8,7a210f29ef,1,order,,2,f181972f0d,2,-1,,,2,2013-10,0,F,26-35,S,2,4,-1,22,4
0086145a3c,62ab83e177,1,order,,1,baf69f07c2,1,96,,,1,2013-03,0,M,36-45,M,1,2,4,14,4
b9ba1934c6,877847a3ca,1,order,,2,39e10d48cb,3,69,,,4,2018-02,1,M,56+,S,3,3,2,14,6
cd3f72402f,a4f4ccfaeb,0,order,,1,3dcc8cccc6,3,-1,,,1,2018-01,0,F,16-25,M,1,2,4,23,3
2da9ed89fe,7e9d036f78,0,order,,1,c0e49ac59f,-1,97,,,2,2014-12,0,M,36-45,S,2,4,1,23,4
53079af37b,38f4e698d0,1,order,,1,f51bb1077c,4,99,,,4,2017-07,0,F,56+,S,2,4,2,15,6
14bb3cd65f,0b65eb0b89,1,order,,2,bed19c7fc0,1,-1,,,3,2018-07,1,M,46-55,S,2,3,4,3,-1
4a5c9001fb,2179a52bdb,0,order,,2,cd602a6f71,2,20,,,2,2013-08,0,F,16-25,M,3,4,2,4,3
5f4a7e706e,28fb526d4f,0,order,,1,ebe1f9f598,-1,100,,,3,2017-02,1,M,16-25,S,1,1,2,4,4
6e0a268bb3,8e3c363e88,1,order,,1,1c733451a6,0,48,,,4,2017-11,0,F,26-35,M,2,1,4,8,3
ba0be834c0,13781d8a0d,0,order,3/6/2018,2,71f0bbbb90,1,6,,,3,2018-12,1,M,26-35,S,3,3,3,22,4
233d13e143,208ffe686e,1,order,,1,4acae59483,3,93,,,3,2018-03,1,F,16-25,S,1,2,1,21,5
c829eeeddf,f285c26aee,0,order,,1,19325886d8,0,78,,,3,2015-03,0,F,26-35,S,2,1,2,0,6
9e57520fa3,ce116c18e3,0,order,,1,bc63c567b5,0,8,,,4,2017-11,0,F,16-25,M,1,4,2,1,1
59241d6336,6eb810761a,0,order,,1,3ad2fe4f02,4,-1,,,4,2014-07,1,F,36-45,M,2,2,1,18,6
b33d090a45,fd5359c19e,1,order,3/2/2018,1,f765553378,3,51,,,1,2016-03,0,F,26-35,S,3,1,4,18,6
82bd6ccbcf,802f999c6a,1,order,,2,dc630c2baa,-1,100,,,2,2013-12,1,M,16-25,S,2,2,4,8,3
38f2591448,6847130431,0,order,,1,ced90c0fcd,2,-1,,,3,2017-11,0,F,16-25,S,1,2,2,11,3
87d9be9c76,f4ba1899a8,1,order,,2,f974a95beb,-1,88,,,2,2018-05,1,F,36-45,M,2,4,3,8,0
0d1d2cf8ce,dfbd64e8ff,0,order,,1,06bb45b2df,-1,38,,,2,2013-08,1,F,16-25,M,3,1,3,-1,1
d7e114fa26,743b1a4a48,0,order,,2,ae6638906f,-1,91,,,3,2014-09,0,F,16-25,S,2,2,2,17,0
06968311a0,fb168e8955,1,order,,1,95691262c9,0,43,,,3,2014-05,0,F,16-25,S,2,3,2,19,1
2ac577ceda,7aca3eaad8,0,order,,1,7aff5b79a9,1,82,,,2,2018-08,0,F,26-35,S,2,4,1,16,0
bcdcbf5176,d5f6a4991d,1,order,,1,54753a6244,0,-1,,,1,2014-05,0,F,16-25,S,2,2,4,3,1
0ff7bf7210,c9b3b03ef4,0,order,,1,12908745e8,4,57,1/27/2018,,3,2014-11,1,F,16-25,M,2,2,1,20,1
1eb6f86eb3,cbcf4f887e,0,order,,1,f651fdf0e0,1,93,,,2,2015-03,0,F,36-45,M,2,3,3,7,6
bf6683f3c8,f62f2a61fc,0,order,,2,60bc45ff35,1,90,,,3,2015-06,1,F,26-35,S,2,4,1,12,5
a7be80b082,529f402ce2,1,order,3/19/2018,2,46bbcf8ef6,4,4,,,4,2013-01,0,M,16-25,M,3,3,2,11,1
d9ac37396a,08853ed43b,1,order,3/23/2018,2,9ac0591ae4,1,13,,,2,2017-08,0,F,46-55,S,3,1,3,23,3
90336f75df,6fd14b014c,0,order,,2,ba448c3188,3,13,,,1,2013-01,0,M,16-25,M,3,1,3,7,0
472380b385,fd322eb784,0,order,,1,0f8abfff3c,2,37,,,2,2013-05,1,M,26-35,M,3,3,1,16,0
37a7b8c790,bfa643c57e,1,order,,2,bcbbc8dc8c,1,69,,,1,2014-10,0,M,26-35,S,1,2,3,20,5
249f20abe7,ff0767899d,1,order,,2,4d20c0877b,0,17,,,2,2018-07,1,M,46-55,S,1,2,2,3,3
cb05b598ae,a04ccf86f7,1,order,,1,86a660894f,1,-1,,,2,2016-05,0,M,26-35,U,3,1,2,23,0
d571c07ee5,2f66c6ed27,0,order,,2,f9c35a1545,-1,91,,,3,2016-06,1,F,36-45,U,3,3,3,21,2
f1b9cd69b2,1a640a058c,1,order,,2,908b102d90,-1,72,,,1,2014-02,1,M,26-35,M,2,4,2,22,1
9654709f77,57ced82dc7,0,order,,2,6cd595a7d2,-1,77,,,4,2018-04,0,F,16-25,S,3,2,1,15,2
728eef2d84,ba24d91a63,0,order,,2,235b5e4234,0,85,,,4,2017-12,0,F,36-45,S,1,1,2,11,1
c378891e3f,284e43173d,0,order,,2,0f5a0e765c,4,82,,,2,2016-02,0,F,26-35,S,2,4,2,9,0
fe45c9f198,a6f028270e,0,order,,1,0bdb6744f5,-1,82,,,4,2018-10,1,F,26-35,S,1,1,-1,18,0
e161c1f474,cafc459e5d,0,order,3/11/2018,1,f251c65d85,3,-1,,,1,2015-09,0,M,16-25,S,1,4,3,0,0
5b5121fafa,f14a5e7a4f,0,order,,1,689d61c5e5,-1,31,,,4,2017-08,0,F,26-35,S,1,1,1,6,0
bbeb7a682b,84e968443c,0,order,3/11/2018,2,ab1ef08860,-1,54,,,4,2013-10,0,M,16-25,U,3,3,1,21,6
0133cb3358,56ba3cfbb1,0,order,,2,748624b6c5,0,21,5/4/2018,,2,2016-02,0,F,36-45,S,3,1,1,10,5
b4b61d5a47,601d2a42c2,1,order,3/1/2018,2,e734167346,2,-1,,,2,2018-05,1,M,16-25,M,1,1,4,16,2
a41c1a972d,e7f2ded37f,1,order,,1,6b40ff221c,4,62,1/3/2018,,3,2014-05,0,M,26-35,S,3,3,1,11,6
6bdfcafe08,0b888acb04,1,order,,2,5441acb984,1,17,,,1,2014-03,0,F,26-35,S,1,4,4,21,-1
5b2df1c7f9,9781801fcd,1,order,,2,a68ddbb453,0,4,,,3,2014-03,0,M,16-25,U,1,1,3,9,-1
f09c0bde85,3c01990be6,1,order,3/23/2018,1,d981134ccb,0,-1,,,4,2018-04,1,M,46-55,S,1,1,1,18,5
d75ec60d36,96eba0a7b4,1,order,,2,e0f7462b76,-1,59,,,3,2015-12,1,F,16-25,S,2,3,4,3,2
05e4132622,277806ae1e,0,order,,1,e3fdc3da54,-1,47,,,2,2014-05,0,M,36-45,M,1,1,2,21,4
4d4fb16020,5c1cf8942d,0,order,3/6/2018,2,f9826e15da,1,62,,,3,2016-10,1,M,46-55,M,3,4,1,21,5
5ef15ab473,e1c9cae103,0,order,,2,ab57c86188,-1,36,,,3,2017-09,1,F,26-35,S,2,1,1,10,6
832b207d59,1a8de6d8db,1,order,3/4/2018,2,e8de05f2d6,1,48,,,4,2015-09,0,M,16-25,M,1,4,1,15,1
33239a5a65,79370a1bec,0,order,,2,ec80d05f68,3,85,,,3,2015-06,0,F,16-25,S,3,3,3,4,4
2557de381d,68aa63220c,1,order,,1,4b57b30a93,1,86,,,3,2016-07,1,M,16-25,M,2,2,3,7,-1
5ae8e7faa7,63d6ce522a,1,order,,2,b7b31ed68b,-1,21,,,3,2018-03,0,M,26-35,M,2,1,3,19,6
fb92d51da6,93aaed5d9c,0,order,,1,1229e43125,0,-1,,,1,2015-11,1,M,26-35,M,1,2,4,6,5
8d4f19b14c,e818e231db,1,order,,2,7149a86d00,0,94,,,3,2015-05,1,M,16-25,M,1,1,2,4,2
9aa40d17d0,60ee42eb67,1,order,3/18/2018,1,962f7550dc,0,0,,,4,2018-09,1,M,26-35,M,2,1,4,1,5
b113595d11,a92c34ddbc,1,order,,1,01fb98ce08,2,32,12/13/2018,,1,2016-11,0,F,36-45,M,2,4,3,20,5
3049a6578d,3919c69f46,0,order,,1,ea546f837d,0,-1,,,3,2013-07,1,F,26-35,S,1,3,1,10,-1
2e6f4c7002,73886eee89,0,order,,2,eab785214c,-1,-1,,,1,2017-05,0,F,16-25,S,1,3,3,8,3
992f518816,165bc80d8d,1,order,,2,535d2e83c4,1,84,,,4,2016-11,1,F,16-25,M,2,1,2,7,4
a654643311,5bcfea1f4a,1,order,,1,abfc50ad8d,4,35,,,4,2014-02,1,F,16-25,S,3,3,-1,1,4
4817ab7a8f,63ea5cf652,1,order,,2,697eefe34f,1,2,,,2,2018-10,1,F,46-55,M,1,4,3,21,2
d50e063a0c,55ec63a09e,0,order,,1,9d69111f6b,-1,26,,,3,2015-04,1,F,36-45,S,1,4,-1,12,2
96078a6128,7fbd5c6b68,1,order,3/1/2018,2,b5a52fb31d,-1,72,,,1,2018-09,0,M,16-25,S,2,4,4,1,3
3163692f2f,0aeb45f3ab,0,order,,2,a7fb9da174,-1,-1,,,4,2015-03,0,F,16-25,S,1,3,3,5,0
54b298d736,a9ff6636e1,0,order,,1,e1e6a22e8c,1,58,,,3,2016-11,0,F,36-45,M,1,3,4,4,0
1c2b6869c9,1052a9ef41,0,order,,2,f993d3e98e,-1,22,,,3,2014-06,0,M,26-35,S,1,1,1,3,1
8a7e1f3f9d,e21ac4804e,1,order,,1,de8e85bb18,3,13,,,1,2016-02,0,F,16-25,U,2,4,2,15,1
01270ce449,c2e64c5c0f,1,order,,2,483a84d436,4,36,,,4,2014-10,0,F,46-55,S,3,2,1,1,1
d0837661e6,c9f2118a68,0,order,,1,f3cd05908a,3,41,,,3,2015-05,1,M,26-35,S,1,1,3,5,6
e3ddc5a6fc,d322d5e495,0,order,,1,8f28a46efa,-1,-1,,,1,2016-02,0,F,26-35,M,1,3,3,5,4
68e03309a3,653c678d78,0,order,3/19/2018,2,b9277c3af8,-1,59,,,3,2013-11,1,F,36-45,S,1,1,-1,7,2
b3e9772458,840e1add53,1,order,3/9/2018,1,f55ceea1f0,4,37,7/28/2018,,2,2013-02,1,M,36-45,S,2,4,1,8,6
7ac0d414ce,0fea35f4e1,0,order,3/1/2018,1,519d99c69f,0,60,,,3,2014-03,0,M,26-35,U,3,2,1,22,2
c015034b9c,7053f44856,0,order,,2,4f76e598d9,2,38,,,2,2018-03,1,F,16-25,S,3,4,1,-1,5
00bdabf3be,6052009054,1,order,,1,adfe24ed91,2,19,,,1,2015-05,1,M,26-35,M,1,3,4,4,5
e40c2197b8,6a72fe7f49,0,order,,1,f306b18550,4,48,,,2,2016-12,1,M,36-45,S,2,3,3,5,4
2e7da84016,f022d87e9f,1,order,,2,5cda1438c6,2,0,,,4,2013-01,0,M,26-35,M,1,1,1,2,3
76df1ab665,fb0e312897,0,order,,2,ad3413ac6c,-1,8,,,1,2013-12,0,F,16-25,M,1,1,2,6,5
6ce12d2a16,8319c99f61,1,order,,1,cb01a0ae2f,-1,5,,,1,2017-04,1,F,26-35,S,2,3,3,7,2
0b96b2a660,44a2a375c5,1,order,,1,0387776441,1,59,,,4,2015-06,1,F,36-45,S,3,2,1,16,6
d147bd1358,5f15573203,0,order,,2,e4eff72311,0,23,5/6/2018,,2,2014-10,1,F,26-35,S,2,1,2,8,-1
2f4dceea49,b349744408,0,order,,2,ea9d445ca0,-1,87,3/6/2018,,4,2015-11,0,M,26-35,M,1,4,-1,6,0
2939b7c583,705d8096df,1,order,,1,a2faf14707,2,30,,,2,2016-02,0,F,36-45,S,1,2,4,11,4
51e5ac98c2,22c0a71ac6,1,order,,1,50dddb8c6a,0,71,,,2,2013-09,0,M,16-25,S,3,1,3,13,4
1de08e7a58,231b8985d9,0,order,3/27/2018,2,b42be9f9bc,3,20,,,4,2017-06,1,F,16-25,S,2,1,4,17,1
56cd30f088,4d3826b9e8,1,order,3/15/2018,2,546e47b5a8,1,-1,,,2,2014-02,0,M,26-35,S,2,3,-1,11,3
a426f870ef,21fed12be6,1,order,,1,8f1bf124ea,-1,33,,,4,2018-12,0,F,16-25,S,3,4,1,2,1
0ac15bd84a,bce8dda703,1,order,3/9/2018,1,5f78e8a012,0,0,,,3,2016-05,0,F,26-35,S,2,2,1,8,0
5b0f411fe7,1cdd485e3b,1,order,,1,7c1368fa19,2,9,,,4,2014-09,1,M,36-45,S,1,4,3,3,0
c3e5951ec8,5e635f7c1f,0,order,,1,ac6a44f9cb,0,32,,,3,2016-09,1,F,26-35,S,2,2,-1,3,2
f16b572d40,7538be8ac4,0,order,3/18/2018,1,917f293ffd,4,39,,,2,2017-03,1,F,46-55,S,2,4,4,21,2
2d8e80c711,c47f8ac0f4,0,order,,2,00b1fd132e,1,43,9/12/2018,,3,2014-04,1,M,36-45,M,3,1,4,4,3
18a19ee24a,7873a76a71,1,order,,1,1fcc0937ee,4,-1,,,3,2014-05,1,F,36-45,M,1,2,3,16,5
ca95e3aea0,f4be00818d,0,order,,1,7a917b75a2,0,3,6/10/2018,,3,2013-11,0,M,36-45,S,3,1,3,5,5
34e5397521,dae79d63f0,0,order,,1,95ad5b86bd,0,-1,,,4,2016-11,1,F,46-55,M,2,1,2,1,3
490b4ba7a4,1caab5d941,0,order,,1,f815411ae3,0,-1,,,3,2015-08,0,M,16-25,S,1,1,1,6,5
30881a377f,55e9cdb530,1,order,,2,e8c3ca5084,4,-1,,,4,2016-05,1,M,26-35,S,1,4,-1,13,5
934d2b6e6e,41443adbab,0,order,,2,da9debd456,3,45,,,3,2016-04,0,F,26-35,S,1,1,3,4,6
237ee6daff,7dbafa69ba,0,order,,2,b8bfa25cb1,0,87,,,3,2015-05,0,F,26-35,M,2,2,1,19,6
d959d159c3,ab1ff22a01,1,order,,1,dd9156b55a,3,-1,,,3,2015-05,1,F,46-55,S,1,4,2,12,0
46c61f5a6b,c32ed6c943,1,order,,2,256c8f3bc0,-1,79,,,3,2014-06,1,F,26-35,M,1,1,3,5,4
c2241ef14f,8870999f3a,1,order,,2,718ce608bd,-1,18,,,2,2014-05,0,F,26-35,S,3,2,2,17,6
962658a737,5a9865acf6,0,order,,1,5be8d471d1,-1,12,,,2,2018-05,0,M,16-25,M,3,1,4,11,0
96dbe472e6,55d85fdbda,1,order,,2,b0a69f9188,-1,92,,,4,2017-10,0,F,36-45,S,2,3,2,18,1
d1b7e72cb1,32dc469aa8,0,order,,2,799fcf8a09,4,9,,,3,2014-11,1,F,16-25,M,1,2,4,18,0
26bc05ed0b,8c00f12473,1,order,,1,3bc63c5d23,2,24,,,4,2013-11,1,F,26-35,S,2,1,4,6,1
d066cc981a,0ab11138d1,0,order,,1,f8f5526639,-1,56,,,4,2014-02,0,F,16-25,S,1,3,4,5,-1
7f1a88fd66,1c75d4d93f,0,order,,2,4826184800,-1,3,10/8/2018,,1,2014-07,0,F,26-35,S,2,2,3,18,4
504489ffb9,d4a3355c4e,1,order,3/12/2018,2,fb8cc7fae3,-1,7,,,3,2016-03,1,F,16-25,S,3,2,-1,16,5
447fc69318,a210e455bb,1,order,,2,0b57babac6,2,-1,,,3,2017-11,0,F,26-35,S,1,4,-1,21,3
45d19b7b1f,bacb3636bf,0,order,,1,e24fad56b6,-1,81,,,4,2015-07,0,M,26-35,S,1,2,4,9,0
e29e1c74f7,d04060cdf8,1,order,,1,cd1ce47df5,4,25,,,4,2018-01,0,M,26-35,S,2,1,-1,13,4
3a95b19dc2,3b3aad68e5,0,order,,2,7d11efb54e,4,36,,,3,2014-10,1,M,36-45,M,2,1,3,13,5
c7174e58a6,d1e6537efc,1,order,,1,93f504e9a4,4,87,,,3,2016-09,1,M,26-35,U,3,1,4,21,2
2f455b13ec,f4e807f92f,1,order,,2,eaaa1cf7e6,-1,99,,,1,2014-02,1,F,26-35,S,1,3,3,14,0
9c5dc7b34a,f4a9081f03,1,order,,1,74b74854b8,4,59,,,4,2014-11,1,M,26-35,S,3,4,1,21,5
0ec44052ee,4a31f83ffb,1,order,,1,f2d6a588ac,-1,36,,,1,2017-01,1,M,16-25,M,1,4,4,0,6
3030b13eb6,200f98b99f,1,order,,2,9037b1d58b,1,44,,,3,2014-11,1,F,36-45,S,1,4,1,23,1
2b4bd62bd7,f99366eba6,0,order,,2,5a4b0d6585,4,54,,,2,2015-12,0,F,26-35,S,3,1,4,15,-1
68e45009f4,d276d121b1,1,order,,1,43b5b91a7b,3,87,,,2,2014-06,1,F,36-45,M,1,4,2,4,4
444ee5713a,e835321b09,0,order,3/18/2018,1,28c08a4d7d,0,5,,,4,2016-08,0,F,16-25,S,1,4,4,18,5
08807529d4,9d326934b7,1,order,3/23/2018,1,e066b7c92c,3,36,,,4,2016-05,0,F,26-35,S,2,4,1,16,2
8fdc580e00,e7a929ce09,0,order,,1,202ec65f7c,2,16,,,2,2016-06,1,M,16-25,M,1,1,2,3,6
03ee8852a9,854c72dca9,1,order,,2,16cf77c153,0,53,,,3,2016-10,0,F,16-25,M,2,4,3,-1,0
7b49d06026,d4dc915044,0,order,3/18/2018,1,f84c647f74,-1,17,,,4,2013-10,0,F,46-55,S,2,4,3,0,2
7011ea5771,88ca85b99f,1,order,,2,5f8a7b6658,1,44,,,2,2016-05,1,M,26-35,S,1,4,3,4,0
4e257ef9b9,0feb84676c,1,order,3/18/2018,2,d5981d5cad,0,94,,,2,2016-11,0,F,36-45,M,3,2,1,12,1
865a33a47d,7edfd65595,0,order,,1,7674c97f2b,1,-1,4/17/2018,,1,2015-04,1,F,26-35,M,3,2,2,4,1
23f67bf575,cc5fa9a73a,1,order,,1,c33cbe8b6b,2,100,,,3,2018-10,1,F,16-25,M,1,3,4,11,3
de13a32ee4,4669e3a176,1,order,,1,bae9f62b66,0,0,,,1,2014-04,1,F,26-35,M,3,4,4,15,5
952e050f8d,94c21f7b66,1,order,,2,b24eded24c,-1,64,,,3,2016-10,1,F,16-25,S,1,3,2,10,6
6d9303fced,2f51e52e1f,0,order,3/22/2018,1,c9c525b287,1,81,,,4,2018-04,0,M,26-35,S,1,2,3,22,1
9363e3c266,fc520941b1,1,order,,2,d39aff64b4,1,63,,,1,2016-07,0,F,26-35,S,1,2,3,21,-1
b8da006331,edb091312b,0,order,3/22/2018,1,58d1d2421d,2,80,,,4,2015-03,1,M,26-35,S,2,2,3,12,-1
f4a22e7532,ca13967ff3,1,order,,2,18fc3d5452,-1,76,,,2,2017-01,1,F,36-45,M,2,4,1,0,4
0a1f4c4aa6,31aad18884,0,order,,1,c00b38fd2a,2,28,,,4,2014-05,0,F,16-25,S,2,3,3,21,3
36543c5ca7,00dadcf552,0,order,,2,72e7263122,0,43,10/4/2018,,3,2013-01,1,F,36-45,M,3,2,2,14,2
bd2a4a7453,3f23d325c3,1,order,,1,5baa865154,-1,31,,,2,2013-02,1,F,26-35,M,2,1,1,11,6
a3ee3c7e8d,83fe81dd78,0,order,,1,e70b464ce5,1,94,,,4,2014-05,1,M,16-25,S,2,4,-1,20,6
ec664c122a,7052ba9863,0,order,,2,69db5657f0,1,81,,,3,2017-10,1,M,26-35,M,2,4,3,20,2
706f5e520c,047e8b7a6e,1,order,,2,818a4183b7,-1,22,,,4,2016-05,1,F,26-35,M,1,4,2,19,0
7da0992669,13c59de747,1,order,3/10/2018,1,9e4f5cb5d2,4,-1,,,3,2013-01,0,M,46-55,M,2,3,1,-1,2
ae0b335808,2cff4efc97,1,order,,1,b6c1e40b09,-1,92,,,1,2018-06,1,M,26-35,S,2,1,3,17,5
d0d2d55283,6b437423ea,1,order,,2,3e8586ab34,0,4,,,3,2016-06,0,F,16-25,S,2,1,3,0,6
3abf87baec,7f8c240ad5,1,order,,2,032fb58e76,0,1,,,2,2014-03,1,F,16-25,M,2,4,3,4,3
eaea804da2,6d076354c1,0,order,,2,de9d84207a,1,31,,,4,2017-05,1,F,16-25,M,1,2,1,21,3
023849bcc4,1515c7aa8e,1,order,,1,f535eb1654,4,59,,,2,2014-06,0,F,26-35,S,3,3,1,4,3
ef1a6da751,adf9450239,0,order,,2,1dcccc350f,3,78,,,3,2015-07,1,F,36-45,M,1,2,3,4,4
50fa86a7e5,1110da928d,0,order,3/16/2018,2,c825a20ccb,1,61,,,2,2013-08,0,M,16-25,S,3,4,3,9,2
72b744de32,4a78be62e4,1,order,,1,fe41f07eb4,2,-1,,,2,2016-12,1,F,16-25,S,1,1,-1,7,-1
9f9dc64c99,e84f2149ce,1,order,,1,85a258f350,-1,76,,,2,2016-12,1,M,36-45,S,1,3,1,18,2
07cc8dc3be,a28bdbc568,0,order,3/23/2018,1,7f5285431d,2,30,3/3/2018,,2,2017-09,1,F,16-25,S,2,2,4,9,0
70f01754e6,3eb76709d0,0,order,,2,fcaea7bc4c,-1,17,,,3,2016-05,0,M,16-25,M,3,3,2,1,0
1747debe35,fc20bf5ffd,0,order,,1,9d1297aaa4,0,6,,,1,2014-01,1,F,16-25,M,3,1,2,19,5
c49a43066b,ee090429ba,1,order,,1,cc4a3c5bc6,2,33,,,1,2017-06,1,M,26-35,S,3,3,-1,0,4
b07cfb4653,320c845864,0,order,,2,6123071f33,4,30,,,2,2017-04,0,F,26-35,S,1,1,2,10,-1
08445db9b4,54febc112c,0,order,,2,cd5439de07,2,92,,,2,2014-08,1,M,46-55,S,2,1,3,21,2
6c99323647,de1b0b442b,0,order,,1,63b46b0ada,-1,74,,,1,2016-03,0,F,16-25,S,1,4,2,23,5
4ff5b7cfd6,b63e4b556e,1,order,,1,339cfd5774,3,19,,,1,2015-08,1,F,26-35,S,2,2,2,8,6
7d5166126e,5cc393006c,1,order,3/14/2018,2,191c27b85b,4,38,,,3,2015-04,0,F,16-25,S,2,4,2,3,5
6843211691,31643b04d4,1,order,,2,6e51aba124,-1,-1,3/14/2018,,1,2014-03,1,M,36-45,S,2,4,3,14,0
e7eb644285,612089623f,1,order,3/12/2018,2,2ae2faac5a,1,83,,,3,2015-01,0,F,26-35,S,3,4,1,1,0
72ad812b45,b0f5727e2c,0,order,,1,ad29d86fd5,-1,-1,,,4,2016-06,1,M,16-25,M,1,1,3,22,-1
fb6c427c4f,d130913bfb,0,order,,2,e227f9b50f,-1,15,,,4,2018-02,0,M,16-25,S,1,2,1,19,3
492a25021b,ba77970931,0,order,,1,7502e8b31a,2,-1,,,1,2014-03,1,F,46-55,S,1,2,-1,1,4
bd4331152a,6c8cba3383,1,order,,1,b4d5babab0,-1,3,,,2,2016-04,0,F,26-35,M,1,2,1,14,4
951f3cee99,efefab9c27,0,order,,2,d939c5a559,2,-1,,,3,2016-02,0,M,46-55,S,1,4,-1,8,5
dcaf3089d2,aeab276a31,1,order,,1,5cbc5df844,4,-1,,,4,2016-01,0,F,16-25,S,3,1,1,22,2
1cf33ba59a,562da77828,1,order,3/17/2018,2,fbd2d0b250,2,16,,,4,2018-02,0,M,26-35,M,1,4,3,19,4
1a9e3db70b,1ff32a97d3,1,order,,2,a656ff9dfd,-1,2,,,3,2017-09,0,F,26-35,S,1,2,2,6,4
f2213b3eeb,e0e902f986,1,order,,2,0b8282bdac,-1,-1,,,1,2016-06,1,F,16-25,S,3,1,3,3,2
083aaba9c5,c62e31d8b6,0,order,,2,504624f8e7,-1,48,3/27/2018,,1,2015-09,0,M,26-35,S,3,2,1,4,2
ed159efc1c,b2b6ed939a,1,order,,2,37f95cbed7,0,99,,,1,2014-09,0,F,46-55,S,1,2,3,21,-1
0dbfdfa836,f498a811bc,0,order,,2,c66de0fcf0,1,6,,,4,2018-08,1,F,16-25,S,1,2,2,16,5
0b7ffae070,f623137f3f,1,order,,1,e4be14c082,-1,24,,,1,2015-07,1,M,16-25,S,3,3,1,16,-1
27ccbef628,57d4db300d,0,order,,1,3fc655ce7d,-1,21,,,1,2015-11,0,F,16-25,M,3,1,2,7,3
f8f170b848,20c085a790,0,order,,1,a3419ed637,-1,74,,,4,2017-01,0,M,26-35,M,2,4,4,8,2
adf20d94a8,74cf5c30be,1,order,,2,8246ae7e03,4,4,,,4,2018-04,0,M,16-25,M,1,2,4,6,2
abe2df7faf,e7ef15144a,1,order,,2,1a12586ce4,-1,6,,,2,2018-01,0,M,26-35,S,3,2,4,19,6
802afaae43,e704989af4,0,order,3/2/2018,2,29a314ba25,4,60,,,3,2013-06,1,F,46-55,S,1,1,2,0,0
e15c44e1b1,bdfb0ceae3,1,order,,2,93454cf6b9,3,42,,,1,2013-11,1,F,16-25,S,2,1,1,9,0
1a884b2c90,cb6252a862,0,order,3/27/2018,2,c4f900f053,4,-1,,,1,2014-07,0,M,46-55,S,1,2,-1,19,4
7e7e0e3c06,72a9af2007,0,order,,1,ccf2a6af33,1,-1,,,4,2017-11,0,M,36-45,S,3,1,4,20,4
b3fe56f7eb,21c879f780,1,order,,1,5264189ec0,4,72,,,4,2013-08,0,M,26-35,S,3,2,3,18,-1
7b8b69988c,ebb8092a1e,1,order,,2,d840ff87ba,2,73,,,3,2018-01,1,F,26-35,S,3,4,2,23,5
3694ce8d0b,c62ed237b2,1,order,,2,34671d31d3,3,-1,,,3,2014-02,0,F,36-45,S,3,3,1,2,6
72d0fecfb4,f59e1f5714,1,order,,1,542d7efbc3,3,-1,,,4,2017-09,0,F,16-25,S,1,4,4,13,5
daa0664bf5,c5fe8723ed,0,order,,2,55fb57f5af,1,77,,,2,2018-12,1,F,16-25,S,3,3,3,23,5
4c6ec25b06,08f69e1b80,1,order,,2,f4ac923e84,-1,-1,,,1,2014-02,1,F,26-35,M,3,1,3,15,4
22d5c7debc,afa752ae36,0,order,,1,1e1b2d8a11,1,27,,,3,2015-12,0,F,16-25,S,3,4,2,9,-1
20e00f2809,ca8cf31f39,1,order,3/18/2018,2,065f8138b8,3,15,,,3,2015-09,1,F,16-25,S,3,2,3,4,3
450df83923,d0a890afda,0,order,,2,96b404d344,2,89,,,4,2016-02,0,M,16-25,M,3,1,4,21,4
cc23e2690d,165cac5b53,0,order,3/1/2018,1,a0ab7ea370,-1,-1,,,4,2015-04,0,F,16-25,M,3,2,3,3,4
b4f4c2c9cc,61ed5e4526,1,order,,1,e6f1e6e479,-1,36,1/6/2018,,3,2017-11,0,F,26-35,S,1,1,4,3,-1
a278e8e158,76e49f58eb,0,order,3/10/2018,1,7b2e0b4dbf,1,46,,,2,2015-11,1,M,36-45,S,3,2,3,9,2
d473dfd1b5,a931519297,0,order,,2,56b23237bb,4,32,,,1,2016-09,0,F,46-55,M,3,2,1,21,4
8996809de3,faff3e8b66,0,order,,1,1d3288f109,0,31,,,2,2017-12,1,M,26-35,M,3,3,3,6,3
165ebf8eb6,054b651c7b,1,order,,1,bd45da2a5a,1,3,,,2,2014-10,0,F,16-25,S,2,4,2,10,3
0b1d43afb1,412ca1359f,1,order,,1,02386056a0,2,-1,12/7/2018,,1,2016-12,1,M,26-35,S,2,2,3,10,6
4a2373824f,ba5dfec40c,0,order,,1,0f55633e06,1,96,,,2,2014-05,1,M,46-55,S,1,2,4,-1,4
c25ef2e523,65c10132aa,0,order,,2,18ad28962b,2,-1,,,1,2017-06,0,F,16-25,S,1,3,2,3,5
8ff15df43f,ba8db43c64,0,order,,2,14e29be77f,-1,51,,,3,2014-04,1,F,36-45,M,3,4,4,1,0
6c54e88246,451a662fb5,0,order,,1,586e603045,1,18,,,2,2013-03,1,M,26-35,M,1,3,3,15,-1
804a99e400,237ecd7235,1,order,,2,adc7e96595,1,8,,,4,2013-04,0,F,36-45,M,1,2,3,8,6
ef81151046,1801a5fc4c,0,order,,1,5534a0daa4,2,-1,,,2,2013-02,1,M,36-45,S,3,3,1,12,1
d6b8d5f31c,a294043a62,0,order,,1,3e39022402,-1,31,,,3,2016-12,1,F,26-35,M,2,1,3,7,2
8425a7148b,7fb1388b5f,0,order,3/16/2018,2,7c6428b695,3,46,,,1,2016-08,0,F,36-45,M,1,4,3,3,1
9125b6149d,598d58d376,0,order,,1,9d18745234,-1,93,,,4,2018-12,0,F,36-45,S,2,2,2,15,6
3536772d83,3908eca8e6,0,order,,1,13faeb19db,3,15,,,1,2014-02,1,M,36-45,M,3,2,2,1,-1
6dbf94228c,2898a045a9,1,order,3/18/2018,1,4b5953aa10,2,59,,,4,2018-08,0,F,36-45,U,3,3,-1,23,0
a54341293e,eb66db0835,0,order,3/27/2018,1,d7a24b8a45,-1,-1,,,3,2017-06,1,F,16-25,S,3,1,1,13,-1
2ed947af4a,d37ccebb63,1,order,,1,592bd8b481,1,64,,,1,2014-11,0,M,26-35,S,1,2,2,4,2
df5b8b5be2,bbc81ea02c,0,order,,1,fd7123bcb0,-1,15,9/7/2018,,4,2016-01,1,F,56+,S,3,4,4,23,2
e4018e2f19,a76da920cb,0,order,,2,b265b2907c,-1,43,,,4,2013-08,1,F,16-25,M,3,4,4,1,3
92d1275653,e8a3711618,0,order,,1,42be00b4e9,-1,83,,,2,2016-07,0,M,16-25,M,3,2,3,23,0
919a6ca164,47b0621a78,1,order,,1,11b7d7b94e,4,45,,,1,2018-01,1,F,36-45,M,3,3,3,20,5
54c839661d,cb16848cb3,1,order,,2,76de430a96,4,-1,,,3,2018-06,1,F,36-45,M,3,1,2,23,6
e6447cedae,a02587335f,0,order,,1,7c58cdb244,3,62,,,2,2018-04,1,F,36-45,M,2,4,4,4,6
1253b73f49,63a11a0244,0,order,3/11/2018,1,88caa67c06,4,-1,,,2,2017-04,1,F,36-45,S,1,3,3,9,1
99d57f8208,96943a127a,1,order,,2,be0e601a9d,1,33,,,2,2015-01,1,F,56+,S,2,4,2,8,5
2a7c1dd694,81e99fbc1f,1,order,3/12/2018,2,f0bb999804,-1,-1,12/3/2018,,4,2013-10,1,F,16-25,S,1,3,4,21,1
8f08a4221c,e892457cd2,1,order,,2,cbb32275bf,3,-1,,,1,2017-03,1,M,26-35,S,3,1,1,10,0
8d79f68aaf,9a15eeb535,1,order,,1,f6a2863c09,3,53,,,3,2015-11,1,M,26-35,S,3,3,1,1,-1
d98ccefc27,8468bf089b,1,order,,2,bbbd24a5bd,1,-1,,,3,2018-02,0,F,26-35,M,2,3,-1,13,1
023b5daf02,2811497979,0,order,,2,d6889dfa5e,4,45,,,3,2013-11,0,M,36-45,M,1,2,3,-1,4
d14a6d11e9,a424e5f0d2,1,order,,1,00799896c4,-1,33,,,1,2013-12,0,F,56+,M,2,3,1,16,1
242f45f1dc,1418be8ba8,0,order,,2,06edb7139b,4,92,,,1,2018-06,1,M,26-35,M,3,4,4,1,6
14e6b2c532,eb27a02a7b,1,order,,2,6d86423beb,4,-1,,,3,2018-11,0,F,16-25,M,1,4,4,4,1
c499640a7e,4afd4ceda0,0,order,,2,7b60217f58,-1,75,,,1,2018-04,1,F,26-35,S,3,1,1,-1,5
39007fa3e5,bf59594964,0,order,,1,74f017c572,3,27,,,4,2017-02,0,F,46-55,M,1,1,1,1,1
58e95527fa,b48ee9df43,0,order,,2,6ac22fb3ce,-1,83,,,2,2015-09,1,F,26-35,M,3,4,1,1,5
6734960684,4919400a76,1,order,,1,05447ca882,3,32,,,3,2015-07,0,F,16-25,S,1,2,4,17,0
8948568b1d,5692f92a6e,1,order,,1,2d989956ed,2,78,,,1,2016-11,0,F,16-25,S,1,2,2,11,-1
ca35bef1ac,fdbf6f4bd4,1,order,3/14/2018,2,d9f15e49f4,-1,-1,,,2,2014-07,0,F,16-25,S,3,3,2,18,-1
b6b62d2a6f,a8d18964b8,0,order,3/19/2018,1,d0e09104d8,4,82,6/3/2018,,2,2016-12,1,M,16-25,M,1,4,4,19,-1
5e4168fc61,dcd0bec007,1,order,,2,f30ce8d696,-1,41,,,2,2017-06,0,F,36-45,S,1,3,4,16,1
687f434114,d3707764a1,0,order,,2,f30803c598,2,81,,,1,2016-05,0,M,26-35,S,3,4,1,17,1
35c4c62d38,cd138fe905,0,order,,2,0a251bb5ee,0,63,,,1,2013-10,0,M,26-35,M,3,2,3,20,0
09b171afa5,806d01ccf8,1,order,,1,e2e9c5e791,-1,89,,,4,2014-12,1,F,36-45,S,1,4,3,12,2
bf852afae1,5751e6605c,1,order,,2,6573aa8cfc,3,86,3/9/2018,,4,2016-04,1,F,26-35,U,1,4,-1,2,4
11e7a204c3,0b5268c2cb,0,order,,2,3eb6ba1fe7,4,-1,,,2,2014-03,0,M,36-45,U,3,3,1,0,0
d5b7544587,a332b4cfdd,1,order,,1,e85a300dc6,1,53,,,1,2018-10,1,F,36-45,S,2,4,3,-1,5
aa608fe6ee,965c95631e,1,order,,2,4ca22709fc,2,17,,,3,2017-04,0,F,26-35,M,2,4,1,15,-1
5080c12e96,f02c6fe18d,1,order,,1,39699ed4f7,-1,82,,,2,2017-02,0,F,16-25,M,3,1,4,13,1
2d7b01b5c5,1c40a734b6,0,order,,1,4e57f9587f,3,51,,,3,2014-07,1,F,46-55,S,2,4,1,14,3
471c91eeb7,d61620e4f4,0,order,,1,4abc6066bb,0,55,,,4,2017-04,0,M,26-35,S,2,1,1,4,3
759bd4cba6,fa2b0c7a1e,0,order,,1,52ac5e4c8b,2,70,,,3,2017-02,0,M,36-45,U,1,3,2,19,6
f763634db9,2805f00b68,1,order,,2,1401dfc69e,2,0,10/9/2018,,2,2017-08,0,F,16-25,S,2,4,2,21,6
f66c3e029f,a2985f1914,1,order,3/15/2018,1,da9e908cdb,2,50,,,2,2014-05,1,M,16-25,M,3,1,2,12,2
a0d9643407,6cb6d0b15f,0,order,,1,f9a2832e66,-1,19,,,2,2015-02,0,F,16-25,S,1,1,4,3,6
59b67bbf82,211c706614,0,order,,2,3cef73e1e0,-1,50,,,1,2018-04,1,M,16-25,S,1,2,2,7,0
83793605f8,658166dca8,1,order,,2,b62d1cf960,-1,84,,,3,2017-06,1,M,46-55,S,2,2,1,7,0
8bee0f4d15,c2bccdd7e5,1,order,3/16/2018,1,0312221270,3,31,,,4,2015-02,1,F,16-25,M,3,4,4,6,0
5e5b62bfd3,300116419f,1,order,,1,18b525342c,-1,27,,,3,2018-09,1,M,16-25,S,1,3,-1,2,5
da7b9e4a2f,0ac56942ce,1,order,3/20/2018,1,24c224b3b5,-1,16,,,2,2018-01,1,F,46-55,S,3,1,2,11,0
50c0235996,d8dba2072b,1,order,3/24/2018,1,7623ba32fe,4,-1,,,1,2015-06,1,M,16-25,S,3,1,3,6,6
e12329b68c,9681871d87,1,order,,1,2e572bc3b4,1,91,,,3,2018-04,0,F,36-45,S,1,1,2,5,-1
c7be7ca775,bf78be50aa,1,order,,1,cea7ab3c1b,4,5,,,4,2018-11,1,F,36-45,S,1,3,3,18,1
d34435b522,28951ea117,1,order,,2,4796e0ed1b,-1,36,,,2,2018-02,1,F,46-55,U,3,4,3,23,4
77617d78b1,d43fac5312,1,order,,2,f1bde4ed12,3,34,,,1,2015-01,0,M,26-35,S,1,3,2,15,5
9564129712,8082cecddc,0,order,,1,c05d2ed78e,2,1,,,1,2017-04,0,M,16-25,S,1,4,2,1,4
b2dba62a77,7677291c10,1,order,3/9/2018,1,21329faf6b,4,72,11/17/2018,,1,2016-12,0,F,56+,M,1,4,1,20,1
b804a63755,e219026fd0,0,order,3/21/2018,2,d5bb3005fd,1,35,,,1,2013-06,0,F,36-45,M,2,4,3,15,6
3d93c345fc,5f23d326ea,1,order,,2,f3a2d7fa94,-1,26,,,2,2018-11,0,F,16-25,S,3,3,-1,19,5
add9e56afd,ff97fe8e6f,0,order,,2,ddee8376bd,4,100,,,1,2013-01,1,M,16-25,S,3,3,3,8,2
f37aebe692,65570086f5,0,order,,1,281b75addd,1,68,,,3,2018-10,0,F,36-45,M,2,3,3,21,4
493315489f,911d94e2b1,0,order,,2,dc5e76387c,1,0,,,1,2015-09,1,F,26-35,S,3,3,2,9,-1
926188dfe0,109c48c826,1,order,,1,7bc8c05317,3,51,,,4,2015-12,1,F,36-45,M,3,4,3,15,2
0af0c8917a,bfd6175b3e,0,order,,2,fc7e3f660f,4,99,,,3,2017-03,1,F,26-35,S,3,2,4,12,-1
b5bab4e102,1d3ef2ff5d,1,order,3/19/2018,2,8682eee1a7,3,-1,,,4,2016-02,0,F,16-25,S,3,3,1,8,3
148243d897,150c3fab5b,1,order,,1,5cea9db887,0,18,,,4,2015-12,0,F,36-45,S,3,2,4,6,2
8df7788b3d,ed0e8cd183,1,order,,2,c5c9c9d8ca,-1,66,,,2,2015-12,0,M,16-25,S,1,1,3,14,4
09f0e7d0d9,61970168ae,1,order,,1,b85b27dcd3,-1,-1,,,2,2013-07,1,M,16-25,S,1,2,3,17,5
a16832ad31,6ff03a22dd,1,order,,2,55542e49bf,-1,40,,,2,2017-11,1,M,26-35,S,1,3,4,13,5
4a7bf4a9d5,a0b1a5f00a,1,order,,1,c8debbfef4,4,100,,,4,2016-10,0,F,26-35,M,3,2,4,14,-1
1404d02a31,03fb3fc717,1,order,,1,6f54ab5925,4,63,,,3,2017-07,0,F,26-35,S,3,3,4,-1,0
83a10c9897,4f95ae2b50,1,order,3/17/2018,1,d1702078a8,0,25,,,1,2017-06,1,M,36-45,M,3,3,-1,11,5
991ca9f8e5,543bc0bd9e,1,order,,1,c110d0090c,1,0,,,1,2013-01,1,M,36-45,M,2,3,1,10,-1
18dfa9e7de,6c0cb94c67,1,order,,1,aea7cb1390,-1,-1,,,2,2014-09,1,M,16-25,S,3,2,4,9,0
d0417cef00,b62b278464,0,order,,1,c9c526817b,0,2,12/5/2018,,3,2018-09,1,F,16-25,S,1,2,4,7,3
80c08962c8,a6a6cc1c8c,1,order,,2,9e2bd234b3,-1,25,,,3,2013-08,0,M,26-35,S,2,4,4,13,-1
ba807d34e8,ade505cda2,1,order,3/7/2018,1,afc622fdb3,1,77,,,1,2018-10,0,F,26-35,U,1,4,-1,22,0
9545f690d6,0bd82a9b0a,0,order,3/19/2018,2,e165808786,2,35,,,3,2016-06,1,F,56+,S,1,4,3,17,0
c4a552b51b,f3e00f5e88,0,order,,2,f4f8ec1524,-1,-1,,,2,2015-03,0,F,16-25,M,2,4,1,18,1
bfe30df991,0a6167a9cb,0,order,,1,7af6c48f13,3,99,,,1,2017-12,1,F,16-25,S,3,3,1,3,4
80ce03f1ca,e3e11f0d42,1,order,,2,d6a44c2a3e,1,24,5/26/2018,,4,2016-01,0,M,16-25,M,2,1,2,7,5
ab4e78b405,2d1c421c46,0,order,,2,144daa6134,1,25,,,4,2017-04,1,F,36-45,S,1,1,3,2,-1
a3caaf3156,a512a9a908,1,order,,2,edb65222b4,4,100,,,2,2015-03,1,F,26-35,M,2,4,3,23,1
05f1e9ef94,313c65749a,1,order,,2,3a32e20dc4,1,82,,,4,2016-08,0,F,16-25,M,2,2,3,2,3
cb9ee42e0b,926e8adcf5,1,order,,1,eadd9bda57,0,-1,,,4,2013-06,1,F,46-55,S,2,4,4,17,0
ba7384d15e,666464c63c,0,order,,1,cb056cabe1,-1,84,,,2,2016-07,0,M,46-55,S,3,1,3,8,6
ac2178d39c,b82db1e490,1,order,3/22/2018,2,a02a77f9ca,0,88,,,2,2013-06,1,F,36-45,M,1,2,2,15,5
79fffb9155,dec1280ad3,0,order,,1,87521954e8,3,-1,,,2,2018-08,1,F,16-25,S,1,1,3,11,2
c93e159314,2fef53d24a,0,order,,2,50bf422f9c,1,62,,,1,2015-02,1,M,16-25,S,2,1,1,9,-1
33527563b8,182919df6c,0,order,,2,6659234067,0,11,,,3,2017-05,0,M,26-35,S,1,2,2,9,6
8ebf02d9fa,f56b571f87,0,order,,1,41a2c128ca,1,73,,,4,2017-07,0,F,26-35,M,3,3,1,20,-1
d21883e565,50dec43d69,0,order,,2,8f53bd89d0,4,81,,,2,2018-08,1,M,36-45,M,1,1,3,18,0
